0.927291572,0.192616157
0.92458719,0.196810305
0.932099521,0.192811675
0.932177305,0.192275554
0.930670142,0.184669927
0.933436155,0.174037844
0.932277977,0.171571881
0.881340504,0.165749535
0.880771935,0.170714971
0.881618738,0.194614191
0.907327056,0.206754729
0.887926996,0.203540668
0.867881298,0.174746573
0.868653834,0.160533864
0.88844198,0.164251328
0.906329453,0.197052628
0.916155338,0.643277586
0.88453871,0.70148021
0.859139442,0.71533072
0.830372453,0.721659184
0.786162317,0.71986717
0.755080938,0.724558711
0.70904851,0.73156774
0.613959908,0.721870244
0.567527533,0.712368846
0.506532669,0.704443574
0.462211266,0.701178849
0.396201223,0.700420439
0.362912923,0.691997409
0.3309398,0.674138308
0.305737615,0.648816228
0.28749308,0.645632923
0.253070302,0.63875705
0.228275977,0.643475592
0.191834286,0.64308989
0.16035248,0.648912132
0.14586173,0.653143585
0.137806848,0.660883904
0.132179264,0.66867882
0.126186579,0.644353151
0.115284357,0.617456019
0.109855127,0.594660044
0.093980923,0.511773348
0.087817818,0.495332539
0.284341179,0.437097162
0.340328842,0.477192491
0.386565089,0.503277421
0.435041547,0.525695264
0.456160367,0.526795506
0.478622869,0.514165863
0.482883468,0.496690631
0.493185878,0.480183795
0.502527595,0.451277539
0.514184475,0.42512548
0.497923136,0.400460929
0.494673014,0.385184735
0.47995691,0.390123993
0.467887193,0.397338778
0.460544199,0.397611946
0.438972414,0.3637622
0.413749605,0.283367515
0.297502458,0.324745059
0.235199817,0.43659392
0.202625245,0.51794374
0.205519147,0.535313413
0.201142833,0.51660268
0.189396113,0.472121224
0.164253697,0.337889314
0.1935682,0.338674992
0.235023744,0.410098404
0.295033634,0.453581825
0.378115147,0.484264612
0.457111031,0.497878253
0.533597648,0.502982974
0.599855959,0.494134277
0.653477669,0.487308189
0.703969002,0.471643776
0.713366926,0.45938389
0.735101521,0.453401089
0.740262449,0.380798459
0.742652893,0.338648856
0.735081673,0.200930148
0.721293628,0.17842732
0.711580753,0.166851494
0.709879935,0.162620604
0.706219912,0.165726766
0.696480572,0.16686517
0.68880111,0.180751219
0.691599071,0.171243459
0.697873533,0.166451436
0.696539998,0.166137528
0.702225268,0.167429879
0.707784891,0.170133609
0.71984905,0.166387621
0.723948836,0.163374703
0.750045478,0.167887669
0.759565055,0.169353161
0.766865253,0.172391657
0.773414135,0.17604816
0.770901501,0.175637674
0.77455461,0.174199253
0.78165561,0.174938988
0.789137721,0.175814748
0.786174893,0.17423974
0.804962933,0.162273537
0.808553696,0.162028626
0.821089387,0.170329303
0.826083779,0.166737881
0.853808224,0.175624713
0.855232894,0.176482841
0.865744591,0.179410126
0.869457543,0.182814211
0.872274995,0.194818825
0.875678539,0.202176742
0.910385609,0.439746454
0.922062635,0.479864657
0.937266052,0.514488399
0.949639857,0.539170146
0.947322011,0.566984296
0.947638869,0.586387992
0.936319351,0.640778005
0.934449136,0.662846029
0.921771348,0.702488303
0.922751844,0.717645705
0.918052018,0.73290652
0.924387574,0.743435085
0.923712194,0.73503083
0.921072364,0.715002835
0.916224539,0.689730346
0.921784222,0.675297737
0.919334233,0.66173023
0.907771647,0.632632911
0.90529263,0.607283831
0.897037029,0.564028203
0.887595832,0.527619958
0.873546958,0.511602283
0.861012816,0.498111457
0.787257373,0.462799698
0.736735761,0.454599857
0.681637645,0.459571809
0.627726972,0.462833822
0.54341948,0.4813364
0.493342608,0.495346248
0.400513709,0.523171544
0.36257121,0.533371687
0.312456489,0.554121301
0.253140658,0.587341666
0.215951204,0.611907303
0.194365621,0.632583261
0.16324617,0.634241223
0.1558415,0.639005661
0.169833913,0.61525321
0.203559026,0.624708474
0.188118458,0.657755613
0.193428978,0.657416105
0.198272601,0.661796391
0.202236548,0.664824367
0.206409097,0.667646527
0.208420783,0.66698724
0.211728588,0.664505303
0.209924236,0.65245676
0.21742624,0.651292682
0.225272715,0.648056507
0.236703768,0.63498801
0.251870841,0.633921564
0.261654042,0.624008238
0.266612381,0.613176882
0.266048282,0.602113605
0.265904009,0.587188244
0.260997824,0.582473159
0.263583295,0.588615835
0.276742369,0.584120452
0.292114198,0.579616606
0.308343887,0.587740719
0.351801068,0.600154996
0.715973258,0.644796014
0.762380421,0.660153806
0.849978328,0.649667919
0.841243863,0.63698566
0.849451661,0.622346163
0.851008475,0.602959037
0.852662981,0.605170786
0.84911859,0.617902339
0.858870447,0.626250803
0.862016857,0.629763842
0.859490752,0.636747062
0.856114626,0.640872538
0.85909605,0.64477253
0.859763741,0.649161577
0.856991708,0.646272719
0.861136794,0.644872546
0.866083205,0.64960134
0.872555435,0.661117971
0.872162998,0.679432392
0.870440125,0.682555497
0.869835436,0.70056206
0.873505116,0.721889317
0.873803675,0.734000683
0.873498917,0.740265012
0.873982787,0.742914379
0.873528004,0.75158155
0.8766132,0.750524879
0.874062717,0.751822948
0.876607656,0.747932017
0.87418139,0.738021553
0.88039732,0.735219777
0.889733851,0.729890287
0.90126574,0.725659013
0.915543854,0.718759894
0.925489008,0.718001902
0.936484814,0.702941537
0.939141989,0.680869997
0.945688665,0.664638638
0.946310341,0.647129297
0.946053445,0.636815131
0.931517482,0.623601735
0.919522941,0.608573556
0.907210231,0.581816018
0.905340791,0.557830036
0.902802587,0.54247719
0.874002695,0.414146394
0.861210883,0.362131417
0.833439291,0.32596153
0.782800317,0.29574687
0.770600438,0.287364811
0.728522718,0.276643932
0.713677943,0.281849645
0.711718857,0.273964383
0.725532889,0.27679038
0.77417326,0.288340487
0.776159704,0.296959274
0.783737481,0.315532953
0.805326581,0.341862589
0.828199208,0.359164715
0.834553003,0.382043332
0.842604041,0.392972678
0.857266665,0.384181887
0.864596307,0.337904245
0.878124058,0.299787886
0.873002172,0.252285391
0.879665256,0.229356587
0.877285063,0.213492215
0.878318369,0.203693606
0.874833345,0.199958779
0.873695076,0.19664643
0.874744236,0.194623381
0.879010081,0.193617001
0.890449762,0.19060275
0.915504098,0.190577388
0.923160613,0.182955876
0.926500678,0.179602981
0.925660193,0.178724822
0.921899617,0.176224034
0.923482955,0.173934389
0.929729104,0.177087381
0.926547527,0.214877985
0.922732949,0.222805053
0.917357445,0.247946769
0.911695898,0.262713939
0.904758275,0.285614699
0.893165052,0.373411149
0.879464924,0.380532831
0.870465934,0.385186106
0.860896587,0.394527704
0.856876016,0.391520053
0.839663327,0.391605228
0.822733283,0.406096935
0.798709631,0.422982305
0.789849818,0.423693627
0.769715905,0.428302407
0.750370562,0.428628862
0.741439939,0.423053294
0.736237884,0.40441075
0.724879801,0.378559083
0.719707966,0.370779783
0.701700866,0.352048635
0.695300043,0.328995764
0.717798173,0.297832131
0.728020132,0.295801431
0.763159037,0.287143596
0.797356665,0.285214894
0.822200775,0.28371346
0.861903191,0.242251217
0.87350601,0.233805522
0.877323568,0.219901964
0.932907462,0.177060608
0.93454659,0.178152587
0.941577375,0.180594683
0.932818174,0.186938986
0.941173553,0.194260299
0.943524182,0.206578195
0.925724089,0.227498993
0.924635291,0.25402195
0.9129076,0.245718494
0.890212238,0.217323974
0.878274083,0.222109541
0.868543327,0.230324201
0.863336861,0.259194933
0.83486408,0.278646976
0.819985926,0.27116973
0.820634186,0.264203817
0.841078281,0.25857386
0.846356928,0.239954904
0.880182087,0.197325382
0.913413584,0.34255597
0.878311753,0.429822564
0.86202997,0.471672654
0.855013549,0.462358445
0.838495433,0.449749351
0.823349059,0.449248344
0.799277067,0.458296865
0.776341438,0.468118012
0.733032644,0.490871951
0.676424265,0.513687745
0.607045054,0.542225063
0.464852348,0.611152172
0.362125963,0.637853563
0.332083166,0.651205301
0.29347977,0.657545149
0.256011195,0.670227051
0.247957811,0.675074816
0.22048112,0.688233078
0.195272237,0.676322937
0.176815078,0.676567793
0.160218045,0.667350829
0.140271429,0.649383783
0.129897594,0.584547698
0.193311989,0.547973275
0.153238773,0.504711881
0.12338018,0.528409138
0.096407622,0.559490263
0.085892498,0.573412418
0.074870229,0.585407436
0.075289167,0.592991412
0.074805742,0.631926775
0.073395386,0.644262791
0.071454994,0.647528112
0.082754418,0.652585745
0.086714216,0.647659004
0.087520838,0.637634456
0.087516539,0.631982148
0.084452637,0.62687099
0.0878879,0.610923946
0.085881434,0.603569984
0.086811176,0.598857641
0.089213124,0.592610002
0.082486935,0.586812437
0.085969988,0.576871336
0.078358602,0.574206591
0.083179766,0.571263969
0.083939306,0.562328875
0.077534666,0.55392462
0.080729801,0.556176424
0.075700743,0.555797517
0.086080588,0.554071903
0.076870181,0.53192459
0.084808227,0.536647201
0.085714804,0.546557486
0.082219016,0.546141163
0.083325291,0.561164439
0.090594083,0.564993978
0.088792101,0.57031244
0.090337958,0.572145104
0.11187372,0.563057184
0.113985598,0.536920503
0.11336261,0.512585983
0.117675271,0.490030825
0.115809917,0.444747925
0.090133833,0.337728351
0.086831294,0.491927475
0.076693833,0.500719488
0.068919636,0.493018091
0.07046126,0.487119764
0.07340984,0.482152164
0.069039181,0.586245537
0.080004754,0.618886769
0.094960093,0.611324191
0.130291939,0.45773685
0.097299188,0.554080948
0.093629749,0.573109567
0.088205008,0.596777618
0.094388794,0.626501977
0.095310252,0.652741015
0.09873843,0.677983224
0.092473336,0.671561897
0.099340022,0.650899649
0.077443451,0.673596978
0.07557386,0.647873998
0.0782193,0.622866988
0.0837088,0.587625325
0.088014051,0.562814832
0.090453282,0.530413106
0.114010017,0.531430483
0.129656643,0.554187357
0.162095115,0.585857391
0.187270552,0.614557147
0.231834084,0.637166619
0.278669745,0.648815155
0.328943521,0.64923197
0.393968344,0.646603882
0.438538656,0.641690731
0.484500021,0.637110233
0.534331679,0.638045192
0.588100553,0.647553802
0.642509878,0.656392097
0.709602535,0.67850101
0.754730344,0.678714752
0.819524586,0.684893548
0.821874321,0.686901271
0.819120109,0.683867157
0.82035476,0.684522331
0.82044369,0.687044561
0.817632794,0.686863959
0.82178998,0.688102901
0.819789171,0.685889542
0.820420623,0.685909629
0.819128394,0.686515749
0.820601404,0.685470879
0.821594298,0.68729645
0.81989342,0.685886979
0.820010781,0.68661046
0.828950763,0.689807653
0.850107431,0.709570587
0.86508733,0.718609631
0.864812493,0.719417632
0.864051163,0.725752234
0.870720327,0.733187914
0.868942022,0.73699218
0.869613469,0.73234725
0.865340054,0.727821708
0.875505626,0.715791762
0.879066467,0.685307264
0.874605417,0.669130266
0.875159502,0.65217334
0.872237921,0.640584171
0.873175979,0.625765443
0.876121879,0.610466778
0.866747737,0.581886172
0.86988616,0.570602536
0.87377882,0.558460951
0.867219746,0.524506435
0.873137474,0.510332048
0.869004846,0.474408269
0.863523781,0.446283832
0.855966866,0.406704605
0.848874748,0.388890326
0.840177059,0.363379061
0.813600421,0.33505705
0.776722014,0.305855364
0.728352249,0.295432389
0.679069161,0.295161374
0.628623307,0.322918952
0.613265872,0.339329153
0.602731049,0.352567345
0.583102703,0.365569115
0.596869349,0.424212843
0.610529602,0.445167065
0.641111434,0.48279269
0.673993051,0.511008754
0.695679247,0.547747359
0.726441979,0.579994261
0.752644777,0.631131887
0.773830175,0.664752185
0.837770045,0.688836336
0.842693686,0.673549473
0.85541451,0.657553554
0.851780415,0.640040576
0.855356038,0.640947819
0.851374567,0.641297758
0.857874513,0.63254863
0.875599563,0.622926712
0.874771059,0.580924869
0.88398701,0.531021774
0.886712074,0.482027426
0.905063689,0.408326298
0.915697932,0.353905469
0.935632765,0.322485715
0.932218373,0.251021147
0.919128656,0.240131333
0.915078998,0.214540601
0.903967321,0.171982557
0.906999111,0.177383263
0.878510058,0.147192493
0.877624929,0.153202027
0.87798053,0.146805178
0.891721964,0.160906687
0.891999125,0.179543018
0.871116579,0.214318365
0.85478276,0.232866779
0.829075217,0.238410316
0.781715393,0.263860524
0.745334148,0.291370936
0.645521224,0.324602336
0.561191142,0.373781681
0.482773721,0.435336709
0.427584857,0.469355136
0.391799718,0.501948535
0.35971427,0.526642382
0.312534392,0.569898963
0.284334332,0.599566758
0.280681551,0.617957175
0.277898878,0.628945768
0.273875475,0.646020234
0.277566105,0.652812302
0.286347568,0.654390156
0.30412668,0.658506393
0.307899833,0.661142766
0.309173882,0.655908465
0.311603338,0.658657551
0.296284199,0.663340569
0.304050952,0.626536548
0.35530889,0.622955978
0.36757791,0.60051167
0.376217127,0.560409963
0.379218459,0.555611193
0.391824216,0.554966569
0.408179492,0.549894869
0.412128866,0.551855862
0.449059516,0.588572264
0.456896454,0.618572414
0.440525174,0.692557991
0.43166849,0.687709451
0.380174696,0.686667323
0.373757809,0.69085443
0.332102209,0.687943041
0.325922072,0.689428747
0.324935257,0.695431113
0.321809858,0.690740049
0.245100997,0.628112435
0.285291493,0.623856068
0.348154157,0.618509769
0.402464628,0.624153197
0.657339275,0.640470386
0.662824214,0.638668478
0.65870446,0.644620538
0.666548967,0.648276508
0.67636162,0.665297627
0.721170604,0.670757473
0.725389004,0.654213846
0.733653665,0.637439907
0.775235236,0.641879857
0.776742518,0.660180509
0.782414138,0.674848735
0.814552248,0.68748486
0.822801828,0.694670618
0.832941055,0.697443008
0.838242531,0.695967197
0.840653896,0.693425357
0.841100514,0.694119453
0.840589464,0.693166196
0.840532064,0.693924785
0.841725349,0.703691542
0.842312515,0.710081756
0.838894486,0.710185349
0.840373814,0.713582456
0.841257811,0.728407323
0.839455962,0.726444542
0.841518879,0.714729309
0.835233271,0.715510964
0.83269608,0.719321191
0.830154359,0.726352751
0.83537519,0.726031601
0.831364393,0.731102228
0.825676143,0.718119323
0.832899094,0.712823272
0.814800858,0.718503177
0.820606351,0.718384147
0.823618948,0.710972726
0.825677097,0.708510756
0.825415909,0.702180326
0.825100183,0.693660319
0.826177299,0.682516396
0.831966817,0.676082313
0.828337371,0.6705814
0.825816929,0.654139698
0.826191247,0.637422562
0.818635702,0.621505976
0.814427316,0.601632237
0.81243217,0.580365896
0.813084483,0.565320134
0.811130762,0.539985523
0.704574585,0.374709398
0.648336947,0.432604074
0.348797947,0.476516083
0.36214751,0.493664846
0.456526905,0.528501496
0.461670399,0.56064862
0.464039147,0.598663867
0.437656373,0.687642217
0.418660223,0.693021953
0.380866796,0.695456266
0.327698439,0.696936309
0.326427191,0.693633258
0.325754583,0.69257623
0.325089335,0.691156328
0.324511528,0.693314135
0.323461354,0.694151402
0.314723462,0.689197659
0.294567108,0.685610771
0.272328913,0.675907254
0.272484459,0.674862742
0.28346777,0.672071159
0.265734285,0.673507273
0.268579781,0.647547066
0.259425484,0.655992985
0.381798327,0.433418691
0.394746214,0.435369819
0.668307781,0.294895612
0.723621011,0.336922854
0.75019902,0.436398089
0.768632293,0.47700423
0.773739517,0.513145983
0.782581925,0.548284754
0.804416239,0.617224753
0.813697338,0.644313097
0.828113616,0.665213764
0.833556712,0.676629305
0.84019959,0.644946277
0.850431144,0.634505749
0.856024265,0.623010755
0.852063596,0.601975739
0.853493989,0.590725482
0.859871686,0.583761573
0.867939472,0.585438967
0.876967371,0.593729973
0.888661981,0.609615803
0.879704356,0.635566771
0.871412992,0.654398263
0.859136581,0.670994937
0.839772999,0.685301363
0.814587772,0.689404666
0.787793934,0.687617302
0.762953103,0.697972119
0.720493674,0.699409068
0.706651688,0.734977901
0.648677647,0.715061545
0.628737748,0.721914947
0.629140139,0.714576006
0.628481865,0.718732119
0.630664825,0.714339852
0.629503429,0.717420816
0.629695117,0.721865952
0.631704271,0.716728032
0.633122325,0.713273585
0.627789557,0.719795287
0.632416308,0.711951971
0.630584717,0.709136963
0.630693913,0.710342824
0.628109932,0.70242846
0.62517333,0.700137794
0.624673605,0.700243533
0.618023217,0.694631934
0.624046326,0.689753771
0.617603481,0.690740883
0.617490232,0.695570409
0.621224701,0.701708913
0.61506331,0.705264211
0.613744259,0.708092868
0.622137487,0.714754879
0.620388985,0.709143579
0.624413133,0.70565933
0.635018766,0.714366198
0.646638989,0.699586391
0.658476889,0.694728911
0.664910078,0.696832895
0.670630753,0.699197233
0.67099601,0.699823976
0.66871804,0.694755912
0.670241654,0.694287956
0.674025774,0.694859326
0.674616158,0.696623385
0.674893498,0.696528554
0.672790825,0.693629146
0.721889257,0.70672369
0.724275708,0.71084255
0.722969949,0.708698392
0.719688118,0.711552441
0.754757822,0.719708562
0.762260735,0.716922879
0.774508357,0.715138674
0.791207433,0.715317726
0.806076527,0.723835826
0.809945107,0.721897781
0.819920242,0.727213025
0.81331569,0.721862614
0.818279564,0.726483583
0.813321173,0.722361684
0.815248132,0.723460197
0.802272916,0.722834468
0.79902184,0.72458595
0.790861368,0.719782531
0.786873996,0.716295779
0.785795212,0.714958429
0.779988527,0.714365244
0.781333864,0.715370238
0.789792418,0.717469215
0.791538298,0.716489971
0.801927924,0.718539536
0.80386138,0.712550402
0.812361956,0.715812981
0.816954434,0.715765119
0.818667829,0.708785355
0.82098639,0.717471004
0.820674658,0.716507018
0.816366017,0.717083812
0.812529624,0.715034366
0.799500465,0.719974637
0.794518828,0.719899118
0.792693317,0.714182079
0.783648193,0.701040745
0.778153062,0.702815115
0.776029408,0.70444268
0.77360636,0.707095504
0.757992804,0.705821455
0.745422363,0.699744582
0.734473407,0.703906536
0.725589991,0.699732423
0.725022078,0.703011751
0.727718949,0.703060746
0.725862443,0.707313895
0.727483392,0.711053848
0.724344075,0.711282611
0.724002361,0.712430954
0.718862951,0.711118758
0.716422677,0.70995003
0.721089721,0.709061742
0.721162677,0.705391943
0.717383862,0.708730578
0.714748144,0.708022654
0.71264714,0.703269482
0.712350428,0.702728927
0.702822506,0.711695611
0.702561021,0.712901652
0.703101099,0.71024996
0.698472559,0.701359272
0.703595638,0.69885999
0.709034443,0.697770953
0.708921432,0.696517169
0.706140757,0.69726491
0.714989066,0.698912024
0.710301876,0.698854029
0.716893137,0.698005438
0.708686709,0.698923409
0.710146725,0.695608914
0.712039769,0.698195815
0.709589303,0.692327857
0.711859584,0.697410643
0.706400216,0.693343639
0.711025,0.696766078
0.707160056,0.694086492
0.712301135,0.692690015
0.709935367,0.697300315
0.709362149,0.693122387
0.711953759,0.691166043
0.713550746,0.692189872
0.713285148,0.687821805
0.713322878,0.685689628
0.711877763,0.688284993
0.714097261,0.687265456
0.723837614,0.688337386
0.721917927,0.699445307
0.721615553,0.696864605
0.760482669,0.690675259
0.760881543,0.696048498
0.772186637,0.702247143
0.800298095,0.716134906
0.810226142,0.718311965
0.822152734,0.72851789
0.83384192,0.729381382
0.83416909,0.72697705
0.841041446,0.729592025
0.846033335,0.731214523
0.853109658,0.729193509
0.856358767,0.727870405
0.855918288,0.727634132
0.856838405,0.727967083
0.857627392,0.728433013
0.858093441,0.728075504
0.863690257,0.724792123
0.865585923,0.725762367
0.866122246,0.727552593
0.860810876,0.725602746
0.853830576,0.724734008
0.842984319,0.70924902
0.824027181,0.703203857
0.802026451,0.696288645
0.775813103,0.683417499
0.73266381,0.659673035
0.662910581,0.61705488
0.622870624,0.602605999
0.446949407,0.580515146
0.41181919,0.568452716
0.365237534,0.571090877
0.335461199,0.572340727
0.301160038,0.574922204
0.260500342,0.570254028
0.244286641,0.568562269
0.231962308,0.556457758
0.243676975,0.606577039
0.235499889,0.613280237
0.249540284,0.631973684
0.252904117,0.640524566
0.27628535,0.608006418
0.285586685,0.591653585
0.301613897,0.580607355
0.309201658,0.571233094
0.366496861,0.352238685
0.076733686,0.587604582
0.085231073,0.618880272
0.124369476,0.651941657
0.135821272,0.662865758
0.189836457,0.668590546
0.23679325,0.670747697
0.282984398,0.661102176
0.346448243,0.65405792
0.412779808,0.644975305
0.457711324,0.624035418
0.514270306,0.599586308
0.546724796,0.582993627
0.618815243,0.577429235
0.615835547,0.595563293
0.692358077,0.5930444
0.697970092,0.587368548
0.706591368,0.587445855
0.734266877,0.587645411
0.746570885,0.611909866
0.759976327,0.630494535
0.767565429,0.655189991
0.780475497,0.678588152
0.784109533,0.687288761
0.789485097,0.696204782
0.789607823,0.693818033
0.785167217,0.693658113
0.782939374,0.686105728
0.776360333,0.691055119
0.755672336,0.695494115
0.745445251,0.698984146
0.738309443,0.695858717
0.723840833,0.690516353
0.723403335,0.673466325
0.723334372,0.64632076
0.708259523,0.633044302
0.666315854,0.637221456
0.65318948,0.646766245
0.490694433,0.503795192
0.354177147,0.481960803
0.311504096,0.511077523
0.293523043,0.528711736
0.262916557,0.642665088
0.264165044,0.650591791
0.261716664,0.652139187
0.261644758,0.622420728
0.256809056,0.586971879
0.243520312,0.566138387
0.452573866,0.533450961
0.45441407,0.53897208
0.496515468,0.548936784
0.518021524,0.554517806
0.54883498,0.566031694
0.559011281,0.574786723
0.591397822,0.585808277
0.606653988,0.596443474
0.62437439,0.599550903
0.646068275,0.612042308
0.666337788,0.62124902
0.67827034,0.626829922
0.698032677,0.630475581
0.719911575,0.63006413
0.746349335,0.638008535
0.754790545,0.641935527
0.761989057,0.646006405
0.771507025,0.656435966
0.794425666,0.663802683
0.79397732,0.661149025
0.779988408,0.666017115
0.754725695,0.674376786
0.736908674,0.67455709
0.718476295,0.674368858
0.67651844,0.676086962
0.62610507,0.669054031
0.570621729,0.66684258
0.513071418,0.677794993
0.473456874,0.692714691
0.410791844,0.702235103
0.367427707,0.696226716
0.330050439,0.695442319
0.280602098,0.677770555
0.251961559,0.656794906
0.232785732,0.647610784
0.193158254,0.567610025
0.199577793,0.561730742
0.205094457,0.552000165
0.220611766,0.544754267
0.233021118,0.54514432
0.23630973,0.540876091
0.240557984,0.544518054
0.243823051,0.541913822
0.250208504,0.531483158
0.288498551,0.512971088
0.345322162,0.458360031
0.390847772,0.399026841
0.40339905,0.377124935
0.407105863,0.376244694
0.416746885,0.366449207
0.421635956,0.346181571
0.439771265,0.323015898
0.450677723,0.311594516
0.464670941,0.292689137
0.467028841,0.2926853
0.468696058,0.295177363
0.468450814,0.292734317
0.467509612,0.293598354
0.469640702,0.292759627
0.468800887,0.292063236
0.467637137,0.294375069
0.468010411,0.292076737
0.467423663,0.29259339
0.467956662,0.292991973
0.470291659,0.294441581
0.4713348,0.294697769
0.470021009,0.297162972
0.468230486,0.298016541
0.470206052,0.298784673
0.471470252,0.296098284
0.468213379,0.290344842
0.467408299,0.288565308
0.464396283,0.28943947
0.471742094,0.285949521
0.473549262,0.277935229
0.500032246,0.251119316
0.502714351,0.252302952
0.501625523,0.250236697
0.509865806,0.243653879
0.522762969,0.232682154
0.523090348,0.224096864
0.525050208,0.222277075
0.526762351,0.22071059
0.527483627,0.220738471
0.525862694,0.225512095
0.529444575,0.223295681
0.526665255,0.227887422
0.549095094,0.262958646
0.556436181,0.279420227
0.566858768,0.294166811
0.573244631,0.299867831
0.6050331,0.315308571
0.611668825,0.327018172
0.625199497,0.341938794
0.645823717,0.369205654
0.659928381,0.381575525
0.677243471,0.402178288
0.700753152,0.422477156
0.709082246,0.437510878
0.726551592,0.46228385
0.729051054,0.472206742
0.743757546,0.481271639
0.757634759,0.483920112
0.762487292,0.484232485
0.768803537,0.492933139
0.770646989,0.497778729
0.771485984,0.500845417
0.772967219,0.500207007
0.772982121,0.49897109
0.773464203,0.500572264
0.775140762,0.49878934
0.775295198,0.49903129
0.771013677,0.500386819
0.765676737,0.503761947
0.76696986,0.507001951
0.762279153,0.507394597
0.758306503,0.502998888
0.75190717,0.483855367
0.752775133,0.473202556
0.747421682,0.452706501
0.746863782,0.42969799
0.747117877,0.400275975
0.741789222,0.385620713
0.734735787,0.388223767
0.715764046,0.407110274
0.699083269,0.420832723
0.679666579,0.435164452
0.643646181,0.456935912
0.61862731,0.466966763
0.581423581,0.481722027
0.559777573,0.493114993
0.524519384,0.514457449
0.510892987,0.525961339
0.490864813,0.534972176
0.466789126,0.539913237
0.4597141,0.55308868
0.444120526,0.559391916
0.446182504,0.566529572
0.417434812,0.58154285
0.410119206,0.585965455
0.417120665,0.586942792
0.416704863,0.58408457
0.415826946,0.586143374
0.414469689,0.584571779
0.415091008,0.587137818
0.416994244,0.587995827
0.414886981,0.584954739
0.413940758,0.585121989
0.414245754,0.582844853
0.414683104,0.584472537
0.415006012,0.586108685
0.415800035,0.585147858
0.414123863,0.58513552
0.416021228,0.583538592
0.412127912,0.581123769
0.415889025,0.58493048
0.412485987,0.582202375
0.415084362,0.583550036
0.415372699,0.583139837
0.414466053,0.585479677
0.413382262,0.583530784
0.416648179,0.58569926
0.416501433,0.583654344
0.41599676,0.583897829
0.417253971,0.584917247
0.415308803,0.584868073
0.415763259,0.584391713
0.416444689,0.585546434
0.417082816,0.586562514
0.417931765,0.586974561
0.408543348,0.571743786
0.399432629,0.565371394
0.396393239,0.565488517
0.404745251,0.559131145
0.402994454,0.55713284
0.409473062,0.542787671
0.415194452,0.534315765
0.410021454,0.532527685
0.40655899,0.526795864
0.407892853,0.525297895
0.447234944,0.526071846
0.466035008,0.522124365
0.484087169,0.508181259
0.502791047,0.498222545
0.514050767,0.48904027
0.529134274,0.482870936
0.533935979,0.479590058
0.541365623,0.476346582
0.569279253,0.471484944
0.570856392,0.467150301
0.577693582,0.465287402
0.586819828,0.448886931
0.589760959,0.438677907
0.597783267,0.427205443
0.610257983,0.425158679
0.613720059,0.420339406
0.615863204,0.413956016
0.617242098,0.413468659
0.617866099,0.412602842
0.616912782,0.413545489
0.618554235,0.410299003
0.619598866,0.406572044
0.625535369,0.395620823
0.632680357,0.381190211
0.629576266,0.376712918
0.629357815,0.358513325
0.630597532,0.350398958
0.638576329,0.342314571
0.648781121,0.33617869
0.655219615,0.325754821
0.656134963,0.3145485
0.657899439,0.295421362
0.667867362,0.287364274
0.674972892,0.255727768
0.676736772,0.242292576
0.675800264,0.23451066
0.689855933,0.187226251
0.679598212,0.175991312
0.703426659,0.281601369
0.717054188,0.318661928
0.734856844,0.347323328
0.74638015,0.372193396
0.75101167,0.394259989
0.745995998,0.406976938
0.738307297,0.413386077
0.719180465,0.423300624
0.681510448,0.429695487
0.624968529,0.439685971
0.550946057,0.452429056
0.489396781,0.46422559
0.423238635,0.48067984
0.379758924,0.495483696
0.34163627,0.515077159
0.292774886,0.531111181
0.259052157,0.545229986
0.233569048,0.562767327
0.207089603,0.567626119
0.138476074,0.613689065
0.1624096,0.504805803
0.165531591,0.488830909
0.1382684,0.458684072
0.139646519,0.443633646
0.141684029,0.352844596
0.160091922,0.341567516
0.155130818,0.488418713
0.183759779,0.554567456
0.225124881,0.630051613
0.233635619,0.643779099
0.236356542,0.64686352
0.246769622,0.639224172
0.279455006,0.622523248
0.284678102,0.618550241
0.288379788,0.606690884
0.306081355,0.570005715
0.312810034,0.565249503
0.316568673,0.553414226
0.315756112,0.535104349
0.33294794,0.513686299
0.336276531,0.507884964
0.335404575,0.507111743
0.346914083,0.510969892
0.358659387,0.521908402
0.361136526,0.534182191
0.454666167,0.617621005
0.619639397,0.646812916
0.657855749,0.6655671
0.721490324,0.687249601
0.763295531,0.691856027
0.780932009,0.700337112
0.815362215,0.705473602
0.833695114,0.715708375
0.837719619,0.722878337
0.851783931,0.724287987
0.852904558,0.713797927
0.860911071,0.714451253
0.863166392,0.707497835
0.866177559,0.698212743
0.878874362,0.689501405
0.885363042,0.68734318
0.910838604,0.687625051
0.912334144,0.68836689
0.913573265,0.689413726
0.913103282,0.686378956
0.912900984,0.687627137
0.90946883,0.693272114
0.905476213,0.683158457
0.903204799,0.681809604
0.902091682,0.688255727
0.892073572,0.687084556
0.885369658,0.6875965
0.878446639,0.682122469
0.863453329,0.683986545
0.855632126,0.686753511
0.837600112,0.68836832
0.831591547,0.692044437
0.777793109,0.685759544
0.709843516,0.680465043
0.622163355,0.674210846
0.591242552,0.673546195
0.594307303,0.686386168
0.592075706,0.693028569
0.58604461,0.712385178
0.586829722,0.695850492
0.585462153,0.69655925
0.586897373,0.699287176
0.586944103,0.700997531
0.590439498,0.700064898
0.589005411,0.702429831
0.592079818,0.697939098
0.591856778,0.695915461
0.59177655,0.694560826
0.591874897,0.695733845
0.590674639,0.698044896
0.595722973,0.694525778
0.592214584,0.694553316
0.597380579,0.694875956
0.597805202,0.698353887
0.601682067,0.705755174
0.602576196,0.706922054
0.605808735,0.711119831
0.611845016,0.709819913
0.611602247,0.705846906
0.611966729,0.705699086
0.612008393,0.702681363
0.611718595,0.701837003
0.610673249,0.698913693
0.61060667,0.696706712
0.612332761,0.698436737
0.610930026,0.695098758
0.613623202,0.693710089
0.613804221,0.693654656
0.613264918,0.694362104
0.617736697,0.693878829
0.62081188,0.689235508
0.617613196,0.691462457
0.62102598,0.691467285
0.621317387,0.691543877
0.61965096,0.691699386
0.619988322,0.692510188
0.625068426,0.700837433
0.628055096,0.704718053
0.625969648,0.707496107
0.627010822,0.710353792
0.648935556,0.704641879
0.657828569,0.698178709
0.668036699,0.69235754
0.688117921,0.689873278
0.689149141,0.689652681
0.688889444,0.69383204
0.700989366,0.675838768
0.709655166,0.683466256
0.705431938,0.680769444
0.702801466,0.686832428
0.707859576,0.688049138
0.707990408,0.688346386
0.711075425,0.6874789
0.719519436,0.696996987
0.721417248,0.699591458
0.755319953,0.698872268
0.762164235,0.70411855
0.775811672,0.701693296
0.801030993,0.705145121
0.823741794,0.707551181
0.839214563,0.708101153
0.851562738,0.708047867
0.851818562,0.705614746
0.864435256,0.692934036
0.86994803,0.684340596
0.868445873,0.681044161
0.870682001,0.68443352
0.87758559,0.694819629
0.876253724,0.697860658
0.880915821,0.704280555
0.898612916,0.711157262
0.904909968,0.694172978
0.906410038,0.694945037
0.907257438,0.691803753
0.907654107,0.69569701
0.90888077,0.692238986
0.90981102,0.693170726
0.908823073,0.690678179
0.908856332,0.697070837
0.909472644,0.699532151
0.906476259,0.705999494
0.906946957,0.706528783
0.900133193,0.671751142
0.907347322,0.629112124
0.919149697,0.580361545
0.910096526,0.516410172
0.9236902,0.468958139
0.932719052,0.185536832
0.920678675,0.164681599
0.933657408,0.185026079
0.928176045,0.333798617
0.918807805,0.356970429
0.885892928,0.40467903
0.854418755,0.447082058
0.825007439,0.476768121
0.779443443,0.508879974
0.738021135,0.532771051
0.697937548,0.549292147
0.719091713,0.562224984
0.659620345,0.568464279
0.616921246,0.603819668
0.566715971,0.607499301
0.50477922,0.644281149
0.4422279,0.713506877
0.362594664,0.697716057
0.332440555,0.705058575
0.311504066,0.694705904
0.302235574,0.69455725
0.294303209,0.689223409
0.250313222,0.697079539
0.235482983,0.674707353
0.278868012,0.665191233
0.343636096,0.658005714
0.397447079,0.661210001
0.458266884,0.683860004
0.496214792,0.70053035
0.513089344,0.70052278
0.545567632,0.715767562
0.550069571,0.716822445
0.550467327,0.717891216
0.542895555,0.706117749
0.561056256,0.714408219
0.567447543,0.709827006
0.569940209,0.704635739
0.591427684,0.708447516
0.591497719,0.702062666
0.596941888,0.707176805
0.597159564,0.704729676
0.599306703,0.701244771
0.61678046,0.707642734
0.623113096,0.704804897
0.648114681,0.711709678
0.663749516,0.716246307
0.667424858,0.712897062
0.672401369,0.708334684
0.669016719,0.702251315
0.669551492,0.709953785
0.67027092,0.702464223
0.669914126,0.704354346
0.67167902,0.706086516
0.66830039,0.706340611
0.677098751,0.702970028
0.676837206,0.703005016
0.678376973,0.700565755
0.700671673,0.680354595
0.71097064,0.684636533
0.710298061,0.686653733
0.725713372,0.702236414
0.757487297,0.703246713
0.751459539,0.70143795
0.755660534,0.702783287
0.752051115,0.701099157
0.757995784,0.699244142
0.749965847,0.701390326
0.755218804,0.701224148
0.749773145,0.70364809
0.752972126,0.703186274
0.750685751,0.704459488
0.756211996,0.702511013
0.758043826,0.696829438
0.759678841,0.700973094
0.754327238,0.699954689
0.760491788,0.69653523
0.755748272,0.693350971
0.762824118,0.692739666
0.750986814,0.694600224
0.760115743,0.6994645
0.755024016,0.700260639
0.768023729,0.709823668
0.765299559,0.712841928
0.766261876,0.720262706
0.763268232,0.718121469
0.770641029,0.703071713
0.763195217,0.702583611
0.743759692,0.701954424
0.743674934,0.696382403
0.740834534,0.693270087
0.741427124,0.688842237
0.739583671,0.697030008
0.731728792,0.697516322
0.728499472,0.6961146
0.735440552,0.690455377
0.731858909,0.689105332
0.735248864,0.69523716
0.73596549,0.692303419
0.739467859,0.692177653
0.734421194,0.691564083
0.729553759,0.685032487
0.73022145,0.667141259
0.72754246,0.654037893
0.728319287,0.626731932
0.716270447,0.60171783
0.708450973,0.592678666
0.698102653,0.512927234
0.719183326,0.476716697
0.749188781,0.402679503
0.779567778,0.380002618
0.807867944,0.310705185
0.835234642,0.287436783
0.859779537,0.236456543
0.867974639,0.2221957
0.868289471,0.205501579
0.872186303,0.202692464
0.871286809,0.195537955
0.878887415,0.193261072
0.878238976,0.199973173
0.886760235,0.205145389
0.909999728,0.204259641
0.927787244,0.175725251
0.890997708,0.343922555
0.88135016,0.382868081
0.862959862,0.444312483
0.859204054,0.481180996
0.850953698,0.584008992
0.861172497,0.574243605
0.866152346,0.565115571
0.867105484,0.55686897
0.868385851,0.553204775
0.86858815,0.553114712
0.879136205,0.550404236
0.885992467,0.550304428
0.900433481,0.566018105
0.913529515,0.574325323
0.911949635,0.571273029
0.914290309,0.538108394
0.922241271,0.499010116
0.939230561,0.454052493
0.926316202,0.301096052
0.917197406,0.28617391
0.909220815,0.278013647
0.885773659,0.263006546
0.863797843,0.247916892
0.852731347,0.243927777
0.837875843,0.243657857
0.828758419,0.250455923
0.696139932,0.273578733
0.646105468,0.29989586
0.578687727,0.332422137
0.509449244,0.371371865
0.454950064,0.403691471
0.4098683,0.435651809
0.356099963,0.463930354
0.312412173,0.49658604
0.257641286,0.540555656
0.200021952,0.580157518
0.158631112,0.614147842
0.14427565,0.634119451
0.115037158,0.650332451
0.110350013,0.655516267
0.11228627,0.660648525
0.114709616,0.648988128
0.120763704,0.654233992
0.128519077,0.651090682
0.149055034,0.641356349
0.257669695,0.63288492
0.26211679,0.604052067
0.267786384,0.588017881
0.293119848,0.5709337
0.306712627,0.564425945
0.341993451,0.540609106
0.547376156,0.600039244
0.571105361,0.622834027
0.605497539,0.630918622
0.626924813,0.64733547
0.653118551,0.665671945
0.672937691,0.680516839
0.705927193,0.683419883
0.721593559,0.695784748
0.753145456,0.699055851
0.771426022,0.69551003
0.79604286,0.703047097
0.79524225,0.701238215
0.793182969,0.698736906
0.764767349,0.692009747
0.720590651,0.687508464
0.710002065,0.694577456
0.661571145,0.693410397
0.649794519,0.696555912
0.63002187,0.700266004
0.606036663,0.704284012
0.573998213,0.703645051
0.555709004,0.712769091
0.519816399,0.706052005
0.489971712,0.70183897
0.469945103,0.69912082
0.429660022,0.695106089
0.360548466,0.671290994
0.29543063,0.653230369
0.273502022,0.65224874
0.239372909,0.65665257
0.19702816,0.668202519
0.184045568,0.675160944
0.074319288,0.621806741
0.06974645,0.617081106
0.08485931,0.614115238
0.133490399,0.60117799
0.145881623,0.600719333
0.180218339,0.596669912
0.181633309,0.551520884
0.179150388,0.533334196
0.178216249,0.505695105
0.168242455,0.49731496
0.168141097,0.492228061
0.164435506,0.495490611
0.189487845,0.607262969
0.196197987,0.638400674
0.196566761,0.638077378
0.234516464,0.636217833
0.242472701,0.639332473
0.271730959,0.639490366
0.305633932,0.643609107
0.331761032,0.651879489
0.35363856,0.659512937
0.385269046,0.676302075
0.399817109,0.678581715
0.446026951,0.676343858
0.463767931,0.669733107
0.479202449,0.660461545
0.520758376,0.649030089
0.552066028,0.637364984
0.592330813,0.619427443
0.62103951,0.614230096
0.635446787,0.613152206
0.640074968,0.609391868
0.634953737,0.603923678
0.62659204,0.546392366
0.618999302,0.5119403
0.603720486,0.489639908
0.582917511,0.461256489
0.577009678,0.438634127
0.565365911,0.408941388
0.539264798,0.393259138
0.514951348,0.372036666
0.508491635,0.379428506
0.505959034,0.389827579
0.504067317,0.396862447
0.501813769,0.399214327
0.505210698,0.398522526
0.502953872,0.398213118
0.506471559,0.402113944
0.504291952,0.415772885
0.497691512,0.427539766
0.496130943,0.436384171
0.482115686,0.464154631
0.477897823,0.491207257
0.481704026,0.503680095
0.479094386,0.494943842
0.490869582,0.499655381
0.508937776,0.503053084
0.535063684,0.499087542
0.595196426,0.50970161
0.639938831,0.508832455
0.746813178,0.529864132
0.787876904,0.543727502
0.81106329,0.539717868
0.836298525,0.520044804
0.845835984,0.441781223
0.850484788,0.357220024
0.833635867,0.203812495
0.833995044,0.198958959
0.836982846,0.194659643
0.847597659,0.218097553
0.849022925,0.2178201
0.84837842,0.221745908
0.856200039,0.218539901
0.846380651,0.219410449
0.837054133,0.179098655
0.858023047,0.177303005
0.878031254,0.170511037
0.879801631,0.185266033
0.917687297,0.185368881
0.931377888,0.177117825
0.929260135,0.177305177
0.94204545,0.17745921
0.934554219,0.174542323
0.938766003,0.178905472
0.936708033,0.177202165
0.930907667,0.178965569
0.934066296,0.178769737
0.931306124,0.179027215
0.932055295,0.180051744
0.927888453,0.177533805
0.928388655,0.179161504
0.941451967,0.17748715
0.923235118,0.176246647
0.929912686,0.177373812
0.928636074,0.175353285
0.923884928,0.177755207
0.919906795,0.182478115
0.91872853,0.185960129
0.91256243,0.196754299
0.915205657,0.262764692
0.884373546,0.163956821
0.700055301,0.186787967
0.610711038,0.24826628
0.56978035,0.300696075
0.516997218,0.360883176
0.470398381,0.405773759
0.424762011,0.445959553
0.388165474,0.476958901
0.364498824,0.500531435
0.329760432,0.530982375
0.28924638,0.571652651
0.253556222,0.619538903
0.231562771,0.64215827
0.205791965,0.659426153
0.190328568,0.662679911
0.181579679,0.666271746
0.185393497,0.671386242
0.189060017,0.665484846
0.182242692,0.66036427
0.184067696,0.644300163
0.198568627,0.634766936
0.212606996,0.622107089
0.223822966,0.609311521
0.232544839,0.602038503
0.240653545,0.58853519
0.24996835,0.581720233
0.255235881,0.57594043
0.281116821,0.554280043
0.324917525,0.541056335
0.365952343,0.539311111
0.401771009,0.541415036
0.441046819,0.539672315
0.475303203,0.535741508
0.52313982,0.539137065
0.554623067,0.537333086
0.58952713,0.538253829
0.617971659,0.538306579
0.633728743,0.537372753
0.660449505,0.536761343
0.697032571,0.536334559
0.719854474,0.540917978
0.743327975,0.534160972
0.763055384,0.535086021
0.77860111,0.521779403
0.805027187,0.499784321
0.831219912,0.468892723
0.848889291,0.405316085
0.856666148,0.350511849
0.855015278,0.289866887
0.855925858,0.26851359
0.858905077,0.227241643
0.857510328,0.197338101
0.850360632,0.186683983
0.847110868,0.17011844
0.850940347,0.148891866
0.855376601,0.143270448
0.865532279,0.129786864
0.864948988,0.127246186
0.868360758,0.126093607
0.916315436,0.179035857
0.889956117,0.169526298
0.886455476,0.163504232
0.875732124,0.153939854
0.87010479,0.150161441
0.870239854,0.144443065
0.868709087,0.142863493
0.868005455,0.142566931
0.873729289,0.143457115
0.883622348,0.162761196
0.919793248,0.217151172
0.925812542,0.247332133
0.927849352,0.273753934
0.921491444,0.277857959
0.918723106,0.293104708
0.903128922,0.290184587
0.880019188,0.283688299
0.870717347,0.278168917
0.772137463,0.26430437
0.716859996,0.273648053
0.657255113,0.289623469
0.602026045,0.306043983
0.559139445,0.333591968
0.50925903,0.353282899
0.410096705,0.369028687
0.363255948,0.372389257
0.329824895,0.383788437
0.299797744,0.381660938
0.25592947,0.382297724
0.23757764,0.383609653
0.201311991,0.382190466
0.182120085,0.395654738
0.148321226,0.43115139
0.11678049,0.446125954
0.119878501,0.450304598
0.119321901,0.453226686
0.117731888,0.450741023
0.117758662,0.44487834
0.127187505,0.288642466
0.130064234,0.296998806
0.127548605,0.332204133
0.178010389,0.267915823
0.185669839,0.268439651
0.166602165,0.321315408
0.205179885,0.443519503
0.208555713,0.462376416
0.241882771,0.505972907
0.331062853,0.534467638
0.411043108,0.565716207
0.493784666,0.58310473
0.558809519,0.596210539
0.612982273,0.611293554
0.660111725,0.62094003
0.715267479,0.628373682
0.751011848,0.640226185
0.778925836,0.649671793
0.801865876,0.652999997
0.820733607,0.661320567
0.833036959,0.671322882
0.841372371,0.677117825
0.851158261,0.677359998
0.873929262,0.674660385
0.876263261,0.661851823
0.877240658,0.655754507
0.880555332,0.654351294
0.895907104,0.637828112
0.889000118,0.620940864
0.879101813,0.57361114
0.878008783,0.522554234
0.868156374,0.482523799
0.86281985,0.453233957
0.850232244,0.405924648
0.833036602,0.36634621
0.811315775,0.345066518
0.793168545,0.339347303
0.775197983,0.322253376
0.754819691,0.322013497
0.732664406,0.320702672
0.714035511,0.331518084
0.701923966,0.329229355
0.692047119,0.329785407
0.688269496,0.334791541
0.685796738,0.335219204
0.685279012,0.325235009
0.684090495,0.32541278
0.672820926,0.32344839
0.654661715,0.329612553
0.633141041,0.340844959
0.590923429,0.360656321
0.551379681,0.393419087
0.517787412,0.421820164
0.467098206,0.461746857
0.420590013,0.497409135
0.378100216,0.523686931
0.357158422,0.552448615
0.309275627,0.58778441
0.271721035,0.613478065
0.256853521,0.630817056
0.230609581,0.641905606
0.201538265,0.6554389
0.187940225,0.650569141
0.129570842,0.614452064
0.181233838,0.319345474
0.500797942,0.436869204
0.668596387,0.526445344
0.707547367,0.547807097
0.727042317,0.539658904
0.765151799,0.510089934
0.796474814,0.439878613
0.802300215,0.397056431
0.804827631,0.384642243
0.803759754,0.371615022
0.841318488,0.359308511
0.864287734,0.322380394
0.853118122,0.303364962
0.867540956,0.278945632
0.870015681,0.252551772
0.881233692,0.216956571
0.885162473,0.209858596
0.88734448,0.21080026
0.884766877,0.201167203
0.880470455,0.200866431
0.883195937,0.196391344
0.878948152,0.198773786
0.874530971,0.199121758
0.876176953,0.196167089
0.878150761,0.190499797
0.865888834,0.178907424
0.868539274,0.171704158
0.942858636,0.198363408
0.942121327,0.200343251
0.9146052,0.212388791
0.911506653,0.243724912
0.872722149,0.277906179
0.861621737,0.323632061
0.824161649,0.371608287
0.628926694,0.342588276
0.631788373,0.33100304
0.635128736,0.298438519
0.649635315,0.283106118
0.659029961,0.271322548
0.666387975,0.257491358
0.67024678,0.252050042
0.672374725,0.250200987
0.671745002,0.247246623
0.673174381,0.249597549
0.672283947,0.249312013
0.671079338,0.247194305
0.671622336,0.246890619
0.672149539,0.247095868
0.672280312,0.249822184
0.672567725,0.248292416
0.674749017,0.248091102
0.67239213,0.246522874
0.671800613,0.247260243
0.672982693,0.246355623
0.673323452,0.247934908
0.672331274,0.24719055
0.672421098,0.247518696
0.671797872,0.246358424
0.671794772,0.246619448
0.671692371,0.248033471
0.673698902,0.248266965
0.707307637,0.209939957
0.723442018,0.196366876
0.750325441,0.165931582
0.761089802,0.150265474
0.774542987,0.144811179
0.775432348,0.145039674
0.77794534,0.146454215
0.775056958,0.14561522
0.775288641,0.146175131
0.772949278,0.147014588
0.774857104,0.14890084
0.774239063,0.147840694
0.776744604,0.147688817
0.772817731,0.150666986
0.77623105,0.150549542
0.778608739,0.150113229
0.935741901,0.16388914
0.943477511,0.244587153
0.917293072,0.265147381
0.90400064,0.272087455
0.885530591,0.281471223
0.873537064,0.284151189
0.863832414,0.276339442
0.849484801,0.27201277
0.832228422,0.259582043
0.768528819,0.241380438
0.798497319,0.233337492
0.722443104,0.224406764
0.714882851,0.216848046
0.714054167,0.145783622
0.719759107,0.15027532
0.781307817,0.179575667
0.786622763,0.179739624
0.769088268,0.169412449
0.758571446,0.18172057
0.631197393,0.342492878
0.659102798,0.205266669
0.664004743,0.196386255
0.696045756,0.174555957
0.703393579,0.174799491
0.721535385,0.165454146
0.74772197,0.168460723
0.760555983,0.162105668
0.821974158,0.156779841
0.8302899,0.15885805
0.856813669,0.163388848
0.860097826,0.179151565
0.867917061,0.181675836
0.882364035,0.190003991
0.890193343,0.194758892
0.935514331,0.203049585
0.8745507,0.218148813
0.871290922,0.226026922
0.867390156,0.235433072
0.86721909,0.244784191
0.862753212,0.252114244
0.849615037,0.259794801
0.830593169,0.258116074
0.821094513,0.2638641
0.817949116,0.261089049
0.815999985,0.266427189
0.812916338,0.268225104
0.81321907,0.274458013
0.812456608,0.270611413
0.784796357,0.264198154
0.779468775,0.263338007
0.769953191,0.264471412
0.761014283,0.270040065
0.730275452,0.272454083
0.712404191,0.280751079
0.633145928,0.333114147
0.622223139,0.342458427
0.55647707,0.396145046
0.595675886,0.374206573
0.722330272,0.539560199
0.726385355,0.572158754
0.767310917,0.641492963
0.821151793,0.686555266
0.824697316,0.681329906
0.842074275,0.647130013
0.843089342,0.610206306
0.85151273,0.567057073
0.863574803,0.517232046
0.865529835,0.487651601
0.872136414,0.464272708
0.873805404,0.439293206
0.873935044,0.414734006
0.878340125,0.403904349
0.881504059,0.38475889
0.884825766,0.370343894
0.881937563,0.366171032
0.883558273,0.36092177
0.881618261,0.356320888
0.879108489,0.353095233
0.877373457,0.351112068
0.885697424,0.336241841
0.891224205,0.319889605
0.88661623,0.306777477
0.886878908,0.300614119
0.892179847,0.291938514
0.889430583,0.286833338
0.88786304,0.278224856
0.891006589,0.257141568
0.91737783,0.207143493
0.919517159,0.196673617
0.923040211,0.189890996
0.923692048,0.183574975
0.930386782,0.176297795
0.93487823,0.172633782
0.932698607,0.173996165
0.930105448,0.178032037
0.933714151,0.171756014
0.928203166,0.173140958
0.929595888,0.17380622
0.93146646,0.17502892
0.931816339,0.17381525
0.931717396,0.17883943
0.931393087,0.1766949
0.933060288,0.177833721
0.929930687,0.179538842
0.932102144,0.179851592
0.930945873,0.180032372
0.928126097,0.179486319
0.930137813,0.178513229
0.931429029,0.174827129
0.932774544,0.176294029
0.932600319,0.179595083
0.930279613,0.172847196
0.927847564,0.179990321
0.921832085,0.179098517
0.927800179,0.1833134
0.928301573,0.180376172
0.904918969,0.2160578
0.885653734,0.217769444
0.866693854,0.223334014
0.836189508,0.239570424
0.763447583,0.22906357
0.710912526,0.177677065
0.708617926,0.179843411
0.695659995,0.177378371
0.671510756,0.181726307
0.647800028,0.199977025
0.617371261,0.231177025
0.568956971,0.265330762
0.521515727,0.270080268
0.540167555,0.255034834
0.565056741,0.232968695
0.587447762,0.219252616
0.610588551,0.207262792
0.658455789,0.205625534
0.677035987,0.205270797
0.697304189,0.200548299
0.711957633,0.198904112
0.717263162,0.197861969
0.725171745,0.19297336
0.728518963,0.197664589
0.732353449,0.195647404
0.733297586,0.202763781
0.857133925,0.222287588
0.861352026,0.240074158
0.870274961,0.261180669
0.884838223,0.276598811
0.906055868,0.316515028
0.921122909,0.337623358
0.919813812,0.319189191
0.909798861,0.343805432
0.888479829,0.380415559
0.854911089,0.402213216
0.835202932,0.415915638
0.794897974,0.440894455
0.742346108,0.464921951
0.706937551,0.479488716
0.666403413,0.508902073
0.613291383,0.533348858
0.562347353,0.562381029
0.512089148,0.600955188
0.462430939,0.639667392
0.401693374,0.690633178
0.369323552,0.701184571
0.341784,0.704949737
0.301719159,0.693794191
0.296783656,0.69118619
0.262491286,0.669435263
0.259137809,0.6626845
0.254336834,0.662932396
0.252859563,0.659485161
0.250495285,0.658731103
0.247253343,0.658806264
0.243869476,0.659411013
0.244419299,0.661351085
0.235073082,0.658772588
0.218875438,0.638308644
0.205257967,0.648269355
0.209921136,0.643760681
0.209115088,0.646445334
0.208556101,0.646865726
0.208603457,0.648100674
0.205318823,0.646914482
0.208890289,0.65240401
0.210481137,0.657926798
0.203810692,0.653430283
0.206223562,0.660776675
0.201066196,0.661367297
0.206020296,0.649403393
0.195036367,0.65896374
0.194043145,0.639180601
0.190510154,0.642121673
0.121622141,0.653112531
0.149340883,0.636829615
0.170809522,0.623651564
0.175249621,0.623960495
0.175362989,0.626060843
0.183008984,0.635342658
0.189871773,0.636635005
0.190110579,0.635849237
0.194619134,0.642065644
0.195660248,0.647608519
0.200618267,0.653809607
0.225434631,0.656586111
0.233295277,0.651373386
0.252144247,0.648761392
0.269728541,0.649624825
0.288077801,0.659965277
0.347319365,0.662656009
0.341736794,0.656154215
0.375944316,0.652989507
0.40362978,0.652013421
0.428582937,0.649107397
0.45333007,0.64997679
0.470843911,0.657582343
0.503485441,0.670644939
0.540983021,0.676788151
0.563824952,0.684870422
0.590307653,0.697875082
0.60370785,0.703315973
0.61004144,0.694528222
0.620520949,0.69667691
0.620859981,0.692606032
0.632655919,0.692214787
0.637942731,0.710725069
0.66073662,0.710726023
0.670810282,0.706119239
0.693570018,0.711948693
0.715952694,0.709700525
0.743282795,0.713649392
0.761785984,0.714479327
0.767595351,0.715756059
0.782517374,0.721533775
0.792708337,0.7201401
0.795728564,0.711673617
0.808386028,0.714645624
0.809677243,0.712013125
0.815382183,0.710210621
0.827594578,0.705227911
0.844062209,0.69868803
0.854602516,0.703439653
0.866930723,0.695263505
0.87399894,0.686271369
0.890071332,0.692146659
0.886570394,0.688238144
0.885413289,0.708842158
0.803836882,0.723360181
0.747292161,0.726246893
0.662963927,0.742815137
0.446680158,0.725004017
0.341939837,0.684464693
0.252988428,0.632348895
0.227908224,0.646318853
0.236576922,0.664043844
0.24223011,0.681953371
0.278914422,0.689827979
0.392627388,0.698342562
0.430074602,0.694190145
0.497524261,0.705796897
0.557436943,0.703700304
0.593455672,0.699158013
0.63001138,0.69729948
0.63033402,0.701355815
0.639768422,0.70385313
0.641323984,0.696925163
0.648202956,0.703527689
0.688343883,0.698178053
0.704920471,0.710382998
0.722669601,0.723030567
0.753238142,0.722564936
0.776214302,0.722253919
0.794738173,0.71547097
0.820058465,0.707894862
0.837884963,0.699156284
0.845215797,0.703255773
0.860508323,0.694557309
0.878540695,0.668016672
0.88089788,0.612738132
0.882037878,0.559102952
0.885685563,0.512238026
0.715007961,0.162852425
0.703886688,0.17481311
0.703403831,0.174169198
0.700560749,0.172553629
0.706963837,0.174116716
0.702017903,0.177053571
0.70271492,0.183031142
0.703306675,0.181634992
0.69939965,0.188273996
0.705304265,0.183555141
0.702374518,0.1863066
0.700067282,0.18296805
0.700796902,0.184677184
0.700070024,0.186338868
0.684767783,0.164533958
0.697514594,0.16500726
0.713897705,0.155630782
0.7262218,0.156483021
0.762367785,0.160238311
0.775438666,0.176200494
0.799081922,0.18719846
0.81695801,0.185233071
0.82455647,0.185641617
0.827236295,0.188566223
0.835614383,0.187129438
0.838406682,0.177919697
0.83100301,0.175815869
0.831269741,0.176393479
0.832250655,0.178532407
0.831327796,0.176722631
0.833010912,0.180370182
0.832784414,0.186710179
0.83670187,0.18227841
0.836032271,0.186578408
0.837525129,0.19113303
0.839092612,0.189094916
0.834283829,0.188468087
0.831975579,0.17273533
0.840738714,0.165984362
0.838134825,0.170785069
0.83631283,0.17460525
0.83947587,0.178193182
0.852172971,0.173966035
0.855074346,0.17294848
0.860373557,0.183539301
0.860392988,0.183902994
0.862647295,0.183687855
0.8642115,0.187847134
0.858561337,0.19952254
0.858152986,0.239017054
0.831954479,0.268411696
0.818055153,0.280479223
0.712442338,0.327579349
0.681452513,0.38086319
0.647016883,0.433787942
0.627029538,0.488246515
0.596264958,0.553000212
0.574665785,0.598339558
0.548887834,0.624580026
0.539398193,0.658477068
0.511915803,0.68944788
0.462130263,0.707455218
0.408731699,0.712459564
0.362048566,0.704578578
0.351505131,0.705204189
0.307320535,0.702860296
0.289103061,0.704140306
0.257941216,0.693409383
0.230822265,0.692445695
0.187261209,0.695152938
0.21941714,0.675388157
0.234072879,0.67064172
0.24765259,0.66593492
0.249488838,0.658735156
0.244909458,0.656861663
0.252319045,0.662594378
0.278984062,0.666600704
0.288227879,0.67092222
0.350169063,0.653284729
0.390577108,0.667032957
0.413105667,0.677651882
0.675160393,0.52265662
0.49497427,0.684813201
0.514697134,0.685574353
0.544496015,0.684052765
0.560901821,0.687573791
0.574937284,0.693679154
0.577233255,0.695042133
0.60106039,0.709516704
0.639050364,0.711916924
0.652441859,0.697496951
0.667047858,0.6909132
0.676230967,0.68827194
0.694291651,0.679702461
0.711066961,0.65018785
0.738067031,0.616203725
0.750060558,0.573112905
0.778978944,0.521576807
0.793813348,0.440545216
0.802711546,0.400213689
0.833204985,0.34961462
0.846522868,0.271687448
0.84643203,0.20073279
0.846654534,0.171804219
0.840566933,0.135419816
0.822306037,0.131924868
0.779784203,0.126959026
0.67969209,0.168862153
0.640409231,0.185920328
0.576992095,0.236487128
0.522749081,0.294717878
0.500686288,0.321893185
0.471584901,0.335038781
0.435633123,0.351637065
0.413551509,0.359121501
0.384007782,0.37857306
0.361312568,0.401856035
0.331584156,0.424271226
0.306696244,0.454338342
0.278088771,0.488838121
0.257363468,0.530185208
0.216642708,0.590612054
0.1995226,0.623020828
0.191816017,0.634553254
0.175538123,0.652786076
0.146112189,0.673958659
0.104749367,0.654592097
0.121316601,0.647491574
0.148730412,0.647937059
0.162454531,0.652284622
0.177862093,0.654209197
0.232713848,0.639889956
0.254579566,0.637166321
0.402295083,0.625434816
0.610402226,0.6350348
0.673551977,0.650891721
0.728318393,0.66328454
0.772732139,0.665564895
0.803036392,0.668337226
0.826294661,0.640567064
0.839854538,0.604532957
0.867913246,0.401337355
0.868396938,0.364511728
0.867307246,0.321211427
0.858239174,0.287371941
0.862875581,0.268197931
0.861319661,0.247726016
0.842906952,0.228501394
0.839014888,0.229034454
0.832377017,0.228300564
0.830143034,0.214226425
0.831359684,0.209722877
0.828328133,0.210701346
0.830898225,0.209736861
0.858980417,0.209604859
0.866368592,0.206716985
0.920255542,0.203998089
0.925969183,0.199071966
0.92462188,0.19814343
0.931586087,0.186150536
0.931430042,0.185530484
0.933056176,0.184823781
0.928914607,0.178424433
0.935006678,0.178307712
0.932936549,0.180421848
0.940102696,0.177853912
0.939802051,0.174268126
0.940304756,0.172695428
0.944734812,0.174165219
0.928311288,0.160901818
0.853416562,0.168318003
0.866381407,0.139838818
0.861203849,0.139551058
0.856681943,0.144974858
0.933577478,0.175789654
0.923139393,0.170648504
0.921453178,0.167193878
0.926469147,0.16694133
0.938705027,0.175023869
0.945322573,0.177614182
0.930531442,0.182597384
0.937424719,0.188746765
0.933621764,0.200515501
0.870829225,0.351700127
0.862740278,0.271357603
0.865519166,0.23853682
0.871737897,0.276212454
0.868246555,0.382297158
0.871837318,0.439480096
0.864410043,0.493588179
0.854089677,0.597277522
0.864016294,0.624914169
0.887442827,0.62895155
0.902534366,0.634866655
0.915017307,0.632395983
0.909927487,0.613341451
0.901190996,0.55912365
0.884523153,0.179716364
0.880917549,0.200478211
0.873164117,0.224223018
0.919349611,0.337479562
0.875013709,0.545424819
0.866565466,0.550711095
0.869587302,0.325059026
0.866065502,0.272786789
0.863812864,0.237405509
0.863304377,0.276993573
0.875944316,0.435538068
0.868399918,0.503843546
0.861407936,0.549146399
0.847782016,0.582799971
0.85975343,0.57653594
0.864530265,0.522626594
0.866258562,0.454538256
0.86654824,0.353159696
0.868488669,0.217598952
0.871702075,0.506768271
0.85981518,0.538573161
0.852418482,0.534449354
0.855225146,0.33246094
0.858054638,0.241443425
0.873136878,0.485587686
0.866663158,0.534110621
0.856675267,0.558228493
0.867717743,0.571564615
0.872502446,0.539918482
0.872166872,0.484296396
0.868728876,0.396641105
0.865658402,0.263832927
0.866958022,0.209247738
0.850664437,0.207012326
0.865011632,0.222844679
0.869890213,0.333479106
0.905374885,0.379274249
0.914369643,0.374294281
0.924380541,0.374766171
0.928292811,0.635759175
0.916562319,0.66858238
0.90005213,0.654619396
0.876523256,0.273409985
0.867533445,0.222592488
0.866666138,0.198800132
0.871575415,0.230287962
0.878494561,0.489635706
0.866695523,0.440182507
0.869043767,0.275592864
0.867367744,0.493193731
0.86054486,0.538115337
0.84481889,0.547236994
0.848062515,0.542316318
0.856385827,0.507799283
0.865389824,0.435320601
0.862817287,0.296973459
0.86457926,0.247272596
0.858141005,0.209288977
0.867698789,0.214744195
0.917877257,0.321563065
0.941970944,0.593840122
0.915168047,0.635283053
0.910571456,0.641081929
0.929736197,0.169482935
0.922399402,0.344504721
0.892196298,0.526779249
0.870831549,0.243180901
0.872137964,0.209482551
0.877581775,0.199754089
0.912365735,0.223964587
0.932873666,0.456593841
0.910568774,0.177593961
0.90803647,0.175118659
0.869573355,0.136392314
0.86869055,0.136109572
0.867911458,0.13573271
0.866381645,0.139191065
0.864505768,0.139899913
0.867080986,0.138705689
0.866541922,0.141956404
0.869419634,0.147505399
0.864047766,0.147486065
0.862338543,0.147901684
0.865157008,0.147516001
0.862880766,0.15050903
0.855129361,0.177462082
0.862307668,0.158813938
0.857848108,0.148486048
0.922552943,0.645483851
0.88033098,0.273344733
0.878304839,0.494516909
0.878371,0.27811721
0.875093877,0.50120908
0.872887433,0.492595226
0.864857912,0.409737766
0.87190187,0.326116204
0.863860905,0.260930032
0.881846726,0.209555127
0.90447706,0.191970006
0.922291517,0.197962582
0.94699502,0.42901963
0.91904062,0.412943363
0.909283698,0.339476198
0.926361859,0.172525253
0.925455391,0.48593761
0.926092625,0.518887818
0.918828785,0.499483913
0.920541406,0.452560097
0.920043647,0.296564817
0.923569977,0.195152923
0.959164619,0.333917081
0.967841923,0.44868505
0.964020193,0.554042757
0.95484972,0.62204051
0.940511465,0.692275465
0.927313268,0.701350987
0.922857344,0.688279331
0.926136196,0.668750048
0.924658656,0.555696383
0.90936929,0.408036768
0.90746218,0.388643265
0.876352727,0.456596732
0.862259686,0.498669833
0.838331819,0.535108551
0.817370296,0.575336352
0.822715938,0.599711835
0.781121314,0.6321913
0.766104281,0.661396027
0.733466566,0.675269306
0.724437594,0.6762321
0.714491963,0.657183707
0.716692269,0.636360109
0.714686871,0.616206288
0.711682737,0.587206423
0.714904904,0.5444929
0.71632576,0.503949746
0.711691558,0.45488064
0.709654033,0.400216967
0.785456955,0.320937723
0.819399416,0.327192545
0.848176479,0.323711276
0.849242806,0.299916111
0.85256362,0.273100853
0.811956048,0.165861219
0.767967522,0.366299152
0.753008783,0.422454149
0.724147856,0.482823789
0.707372725,0.546313584
0.705658138,0.593180537
0.708189905,0.603078425
0.711348474,0.630793929
0.724817514,0.640603065
0.748065472,0.624913871
0.806699097,0.590208948
0.835045576,0.551604867
0.861952305,0.525841057
0.875011504,0.493208259
0.880734563,0.449059755
0.890455604,0.360937983
0.889266253,0.300548732
0.888422012,0.253482759
0.918011665,0.349736542
0.920694292,0.49144429
0.918433607,0.540014759
0.923110247,0.581295609
0.915796995,0.633460641
0.91437,0.651604652
0.911915958,0.644690156
0.910841346,0.615804195
0.911195576,0.553775206
0.902501881,0.176622327
0.913345277,0.250161499
0.91800648,0.349197738
0.917650461,0.474255696
0.908643365,0.437576681
0.910639942,0.404545397
0.886691213,0.16931133
0.910126507,0.504689559
0.9122594,0.509876087
0.870941639,0.551951051
0.855604649,0.481079206
0.862653196,0.335800856
0.863579631,0.262426697
0.878428042,0.211727351
0.902889669,0.202069253
0.916568518,0.218836918
0.927138686,0.715278149
0.917668104,0.724706054
0.910184741,0.72951448
0.912553132,0.72078687
0.907897294,0.707301974
0.909303308,0.711398125
0.904104888,0.723160386
0.904632986,0.716124356
0.913750648,0.687933028
0.915523171,0.633338451
0.926940084,0.576071277
0.919843972,0.31777367
0.927165627,0.623091161
0.926021814,0.613236308
0.923152685,0.587953806
0.882625043,0.191362239
0.873820901,0.43658787
0.866343677,0.386521876
0.858262718,0.329476923
0.857623994,0.325017035
0.862769961,0.391444117
0.865861297,0.432160169
0.855166376,0.450062633
0.864699543,0.397974163
0.866434216,0.342910022
0.871231139,0.280141443
0.869781792,0.448337018
0.862938404,0.446582392
0.857542038,0.386253983
0.859470844,0.329296142
0.863770843,0.276519865
0.862639487,0.263538055
0.867732584,0.392651111
0.866710603,0.485218272
0.856690288,0.510257348
0.854428172,0.40197888
0.865448952,0.380103707
0.936160982,0.350685149
0.932510197,0.324869424
0.922859788,0.284305722
0.89106071,0.206827268
0.879980445,0.211880878
0.910369992,0.334867626
0.920103729,0.344569057
0.873761594,0.439363956
0.870165586,0.392154396
0.863368034,0.339585781
0.865197957,0.301077753
0.869040728,0.27551163
0.86646378,0.269325309
0.874081194,0.303955413
0.887905777,0.347303808
0.906071782,0.383610785
0.929646373,0.463532373
0.935400784,0.476582214
0.933072627,0.457283169
0.913022578,0.296823382
0.90987581,0.276153713
0.912654996,0.277071983
0.914139211,0.319771588
0.910426021,0.367577314
0.905245543,0.403291464
0.892124176,0.474524736
0.880287945,0.498559147
0.878765523,0.515570045
0.867677152,0.52934891
0.867856741,0.546698451
0.860272884,0.566351175
0.852362037,0.586933613
0.842301488,0.620128512
0.839805424,0.626219511
0.833178818,0.630926192
0.825920403,0.642360926
0.812089026,0.649834692
0.811255634,0.652236462
0.814970613,0.655317307
0.826825619,0.659075975
0.828305662,0.647735119
0.840952277,0.60684675
0.850501716,0.552608252
0.872236907,0.485404313
0.881386876,0.413052917
0.882118464,0.347688675
0.865915358,0.229155332
0.863988459,0.223799124
0.86175704,0.229392752
0.855473638,0.231914252
0.853301048,0.234970093
0.852651179,0.236092955
0.85377717,0.247492418
0.827009678,0.267144002
0.805756569,0.279720969
0.790271163,0.302490629
0.780988872,0.317575425
0.767999351,0.34088248
0.750087082,0.36580056
0.753228068,0.388293713
0.750276029,0.41961813
0.760456681,0.45436424
0.771260321,0.482642516
0.77666074,0.515022755
0.789093912,0.545113623
0.795297325,0.601676881
0.799020886,0.615244687
0.816423953,0.620342731
0.833099723,0.59858638
0.851422608,0.572907925
0.865853071,0.551413819
0.875074983,0.528714463
0.880503833,0.516238078
0.877891004,0.491821781
0.880221486,0.453806892
0.881578565,0.411560446
0.883999825,0.36526534
0.889375091,0.324762434
0.887418628,0.298153438
0.916802585,0.258023441
0.916832626,0.253555208
0.922182679,0.247142419
0.922954082,0.244547784
0.923292696,0.234951809
0.927008033,0.223210037
0.933816731,0.205971569
0.933817387,0.193835467
0.939357877,0.181087542
0.939742208,0.17455405
0.941331923,0.177271754
0.94286716,0.165080909
0.945530117,0.163575877
0.932879865,0.144330293
0.915187716,0.14448601
0.869568229,0.368724823
0.87576431,0.300101489
0.869168162,0.519983709
0.863918781,0.583857477
0.860441864,0.590038896
0.85794282,0.565110147
0.863913,0.407424629
0.865440786,0.322965086
0.856102228,0.256728202
0.866171479,0.218065187
0.882764876,0.208286554
0.91076684,0.198601656
0.926523149,0.210747845
0.920164108,0.651640654
0.910711527,0.677603662
0.89030093,0.701164424
0.882111013,0.699623227
0.871085525,0.701127768
0.858243644,0.702651381
0.835859776,0.709605694
0.818738818,0.71601373
0.810180902,0.718092024
0.797465444,0.716235578
0.789643943,0.703436852
0.766381502,0.694103539
0.754459023,0.68046701
0.745315015,0.66345787
0.741359711,0.634137571
0.743164182,0.610836804
0.740114629,0.593925834
0.74078244,0.557995319
0.732477129,0.538676858
0.723179817,0.514007822
0.717022955,0.502496898
0.720188677,0.476073295
0.716050029,0.462540686
0.704673529,0.451289669
0.701856911,0.428894848
0.701049209,0.405706137
0.694806099,0.382849544
0.691790462,0.369816333
0.662329376,0.240559123
0.656041026,0.234655634
0.633673072,0.245764375
0.623961151,0.220622584
0.589310348,0.161371175
0.657656431,0.519621491
0.652614459,0.519913569
0.492433071,0.453706652
0.49328585,0.495218605
0.489722595,0.510881886
0.51185894,0.497648329
0.512885392,0.447034195
0.517031133,0.1817871
0.691946924,0.283438645
0.764175296,0.320895255
0.791224003,0.336574107
0.827629328,0.349776685
0.872117579,0.363980442
0.875495136,0.363141358
0.882623136,0.372009665
0.884697795,0.359790951
0.878566027,0.332401037
0.872165084,0.290838696
0.868290365,0.252706982
0.858516395,0.227773331
0.85345459,0.23992233
0.839551508,0.336656243
0.831865668,0.373449564
0.820870519,0.398502201
0.795826912,0.43565163
0.783317626,0.456482187
0.772356927,0.477750003
0.746469438,0.501937807
0.727459729,0.51869899
0.700460732,0.536672473
0.679992259,0.562739134
0.653685987,0.5863958
0.642415047,0.608618021
0.620963633,0.62698096
0.596441925,0.649577916
0.574576676,0.666488647
0.561082602,0.676331758
0.534081995,0.692862809
0.521113351,0.692952573
0.518690228,0.689493179
0.515927508,0.685536802
0.508547485,0.67601794
0.509223714,0.669680536
0.501814246,0.666615903
0.479865581,0.668474138
0.470928222,0.661548853
0.459327996,0.656740248
0.445006549,0.664240181
0.417922497,0.663236618
0.40322265,0.667515039
0.379935086,0.684125304
0.362582147,0.676996589
0.35379231,0.6613428
0.360009819,0.634216726
0.353691787,0.622237086
0.352869213,0.599774361
0.355767012,0.573660195
0.356477797,0.545226991
0.352357596,0.517142117
0.339884371,0.497112498
0.345290601,0.476792663
0.340093076,0.456799865
0.345835775,0.428435564
0.338959813,0.408646345
0.343932867,0.379792124
0.341413051,0.359563679
0.343741745,0.345871568
0.334748685,0.323795021
0.333040059,0.306776434
0.331022799,0.289303683
0.3336052,0.280490696
0.358300656,0.278115332
0.385639578,0.302862525
0.425282359,0.342735738
0.479925856,0.37501061
0.539561152,0.41147995
0.601472974,0.429539531
0.659662962,0.449267983
0.705877125,0.466565385
0.751771748,0.469236121
0.792920172,0.401380926
0.795209348,0.349479944
0.801760495,0.285831332
0.854887307,0.171427861
0.865990043,0.212455805
0.885134697,0.23907502
0.939371467,0.35922271
0.926637888,0.641664445
0.922312796,0.666620374
0.915451348,0.679384708
0.907151401,0.685227811
0.895072401,0.690926015
0.895416677,0.701102853
0.890616655,0.699277997
0.884298027,0.708767295
0.881369531,0.714212298
0.879106402,0.713335931
0.874094725,0.718100905
0.866798282,0.719309866
0.862312436,0.709123492
0.857452214,0.698089302
0.853140473,0.681834638
0.855587244,0.6626966
0.856164277,0.646170199
0.861125946,0.630182922
0.860088706,0.627007604
0.859372139,0.616887569
0.857911825,0.586903393
0.861595094,0.578547418
0.860378206,0.567426026
0.856636286,0.545426592
0.860257685,0.525428787
0.860322714,0.521595955
0.863400757,0.514510438
0.861708879,0.493837029
0.869292915,0.476643726
0.863374054,0.467176601
0.861943245,0.457738474
0.864247084,0.464972854
0.865360439,0.498608381
0.861043632,0.532828867
0.859314203,0.564912975
0.857048154,0.60054636
0.856607497,0.646285295
0.851757884,0.672439516
0.853390574,0.678896844
0.853061438,0.681671798
0.851020515,0.684791684
0.854000986,0.691981018
0.856035233,0.705444336
0.857699037,0.72559464
0.860368073,0.739377677
0.85308522,0.740645528
0.854964435,0.744315267
0.861249804,0.746385694
0.859682977,0.747260094
0.862885833,0.747148156
0.863166332,0.747224092
0.857022464,0.75128293
0.864247262,0.747748733
0.867748857,0.734440625
0.862370968,0.726184905
0.866037965,0.703836203
0.8687011,0.689026058
0.867929757,0.669983804
0.866502285,0.643758118
0.868663073,0.630158782
0.874064326,0.598575413
0.874575555,0.546438992
0.878400564,0.504616082
0.877884507,0.400717974
0.884507895,0.359956682
0.888215959,0.333532751
0.890552223,0.331809193
0.911531746,0.372960925
0.923227489,0.405912876
0.953594327,0.593436599
0.932411551,0.698739171
0.9317379,0.718862951
0.926010966,0.731560588
0.924463272,0.735348344
0.921836674,0.741986632
0.918801129,0.743131876
0.92323941,0.742227852
0.925551355,0.737309217
0.927877426,0.716000795
0.929409802,0.691260338
0.927797973,0.682900667
0.924773812,0.666558564
0.932377756,0.641231835
0.934679627,0.635117114
0.934309483,0.62823534
0.935568571,0.613251269
0.94012028,0.60221529
0.948950231,0.586444914
0.949118614,0.559856415
0.946621418,0.561378479
0.949337482,0.517293811
0.945572317,0.50263685
0.957233906,0.433404639
0.94573456,0.409617573
0.94527024,0.392037749
0.947139144,0.327299207
0.947419941,0.228728145
0.946429372,0.213523366
0.94671905,0.200607769
0.949793816,0.192421228
0.941129446,0.175128102
0.948915541,0.165999204
0.928031504,0.169739056
0.91835922,0.197814919
0.910504818,0.5637061
0.927787304,0.182875335
0.875183463,0.3338283
0.8715837,0.298861295
0.868796647,0.26520291
0.863099277,0.222809084
0.860982597,0.202927589
0.866576791,0.215232737
0.866213858,0.449145794
0.864258349,0.503646135
0.856019497,0.535767034
0.854715765,0.510376573
0.856936038,0.401398718
0.85348314,0.32916975
0.855793774,0.236553192
0.859337628,0.210294917
0.870976746,0.238150351
0.881946385,0.453203678
0.863401175,0.490842849
0.85010469,0.482142359
0.866524577,0.22863654
0.863437235,0.344745398
0.869677246,0.433165997
0.867895544,0.504965186
0.857947111,0.546260521
0.859758198,0.409080833
0.858845949,0.231791385
0.866001964,0.402722865
0.864255488,0.465249196
0.839109421,0.341219306
0.832728565,0.377246886
0.81671077,0.428798079
0.808080316,0.479529217
0.799060941,0.505471945
0.786808193,0.534608901
0.772374451,0.554908037
0.763223052,0.567310929
0.751811087,0.585048318
0.731321096,0.628934562
0.715976954,0.651301742
0.706231058,0.667037427
0.678291976,0.673478961
0.671595633,0.654553771
0.658287406,0.625858188
0.652240455,0.592239618
0.797547698,0.38073042
0.859146357,0.507934496
0.858267248,0.552541792
0.857337594,0.602391601
0.853948891,0.638674259
0.838757992,0.669708133
0.832601607,0.637183547
0.832336545,0.614268959
0.841937423,0.550742567
0.855313003,0.497428581
0.856516898,0.416511893
0.859246552,0.346990347
0.856548011,0.305624664
0.865780652,0.265136093
0.867391586,0.248304322
0.870902658,0.22000742
0.888873339,0.212077461
0.911974132,0.242154002
0.921223164,0.272105388
0.924474537,0.325579971
0.948022187,0.599935472
0.925382435,0.638414502
0.917033672,0.64547503
0.906223178,0.618864238
0.901398063,0.55796051
0.905058563,0.505231306
0.675298929,0.18082431
0.664985538,0.181342524
0.649324715,0.192931145
0.629576743,0.234821647
0.651134908,0.321803123
0.673324108,0.344449759
0.691336334,0.425936192
0.71724546,0.457211539
0.736877382,0.490315735
0.764607251,0.50868088
0.786393285,0.506014958
0.823115349,0.516831398
0.829807103,0.529049292
0.841624975,0.536652386
0.840860724,0.552205741
0.832745254,0.559997261
0.829016566,0.559389174
0.825416803,0.551241994
0.82598877,0.532732368
0.825933099,0.52340126
0.82615453,0.514793277
0.83379972,0.49378562
0.836101294,0.463373244
0.839566946,0.435176611
0.831955194,0.409447134
0.836297631,0.391357154
0.837323546,0.37616834
0.830692112,0.365808755
0.828086793,0.360036135
0.829427063,0.355477333
0.842653751,0.33534503
0.860484958,0.284961976
0.859517217,0.229480192
0.860369205,0.208183721
0.873316944,0.204868883
0.913100839,0.214067966
0.92636317,0.246249124
0.948974252,0.561737835
0.936965704,0.607659936
0.939069629,0.64181596
0.932287633,0.665291905
0.915295064,0.66704011
0.908179045,0.65178299
0.921983778,0.16966331
0.882470965,0.169646114
0.912447751,0.330995768
0.931470573,0.338496774
0.871212244,0.207289562
0.868198752,0.184077084
0.857343197,0.447840184
0.859450281,0.391379535
0.860892177,0.338830739
0.857185364,0.252564378
0.866521657,0.212356746
0.870191336,0.203522161
0.893859029,0.20229283
0.910115957,0.221067764
0.93389672,0.638835311
0.925627232,0.65123266
0.917483091,0.617892742
0.908015132,0.58668375
0.902022541,0.553509459
0.907304764,0.511047184
0.894426227,0.17522721
0.88403374,0.159989312
0.885589302,0.1611971
0.878749788,0.157367628
0.864523113,0.153467253
0.731907248,0.1233382
0.651646852,0.177166503
0.577459216,0.246467941
0.559302688,0.275119901
0.522894979,0.309973687
0.475693166,0.349851161
0.450492606,0.370788097
0.4104155,0.407201618
0.367951423,0.432784498
0.34257099,0.455724746
0.31088677,0.495284691
0.278140664,0.528426766
0.264644563,0.584841371
0.293419003,0.617937744
0.338612974,0.640575707
0.353147209,0.653023839
0.381738991,0.626440287
0.381303728,0.605376422
0.3806068,0.591810048
0.367860556,0.585361063
0.354646355,0.594447076
0.337177187,0.602054954
0.327133477,0.608490288
0.318493694,0.620077789
0.313767523,0.617286503
0.291117609,0.603407621
0.410690218,0.543483138
0.452210546,0.564606249
0.491731122,0.590737343
0.524092436,0.620164871
0.551255167,0.633367777
0.608314991,0.666287482
0.723047853,0.690735042
0.766520739,0.694149733
0.805317044,0.710068643
0.829900146,0.710501969
0.839666367,0.704883099
0.845274091,0.701597869
0.842887819,0.694690287
0.846793473,0.698134363
0.846993268,0.6943838
0.857623398,0.715031445
0.860465229,0.709320784
0.864376545,0.715640247
0.861483693,0.714981854
0.864034593,0.724260449
0.871078789,0.725245714
0.866239786,0.717933118
0.866416037,0.713033497
0.878832459,0.70539248
0.880920172,0.711325228
0.879034579,0.71050185
0.87161386,0.713061929
0.895727158,0.70001018
0.90985471,0.68198508
0.914168775,0.639129817
0.924841702,0.59611088
0.932245791,0.545994759
0.924214423,0.427971333
0.908624113,0.351088971
0.904409945,0.330601573
0.905681133,0.322468996
0.890681624,0.331211418
0.884619057,0.349835277
0.881152689,0.367696911
0.861138165,0.38624984
0.832240641,0.406321049
0.819545746,0.44213067
0.81445992,0.479855776
0.782253742,0.547909752
0.768315911,0.580212772
0.746314645,0.603014231
0.705112398,0.651674867
0.655139983,0.665040433
0.615836561,0.665425837
0.572037756,0.674044728
0.520333052,0.674108863
0.494788378,0.682226896
0.461083397,0.6842134
0.382007897,0.685984612
0.352287263,0.679383695
0.344928622,0.678139269
0.304775178,0.675612867
0.298159927,0.67853719
0.285659403,0.683264613
0.277321786,0.686824679
0.261616766,0.678258717
0.257261306,0.675093591
0.254569769,0.672783196
0.256906897,0.672393084
0.256282695,0.675472796
0.255524248,0.671334386
0.240277439,0.658093452
0.240458578,0.651266038
0.218320906,0.654149055
0.195516616,0.651210189
0.177601472,0.647943377
0.150927529,0.651941597
0.091030989,0.663039923
0.098080141,0.59687531
0.099049047,0.5963341
0.092766035,0.322625518
0.090863861,0.39066565
0.08839649,0.433692068
0.083042057,0.437903762
0.084174098,0.432459503
0.088751199,0.445611209
0.138049316,0.544183448
0.139690753,0.559859276
0.133834556,0.570059061
0.12656936,0.570861638
0.088435713,0.643199921
0.096220171,0.620430589
0.095201356,0.602287352
0.098052602,0.586600304
0.098581538,0.569099903
0.096693721,0.557134271
0.098012399,0.531692728
0.098866453,0.511506006
0.096211147,0.502745867
0.094350316,0.493508607
0.127915755,0.553542852
0.165943891,0.587486923
0.228752658,0.617787838
0.286150575,0.629590929
0.349655896,0.63897723
0.418786287,0.646388829
0.491873145,0.65399617
0.587485969,0.664319456
0.699982107,0.68993336
0.742489696,0.676665127
0.759378195,0.648884296
0.779759765,0.605286002
0.776629806,0.550787508
0.777087212,0.487289503
0.762577057,0.357935697
0.769797266,0.245302528
0.721568644,0.184179962
0.715037286,0.169826441
0.710439265,0.158059683
0.709397495,0.163388379
0.62981993,0.168310076
0.611832798,0.189491153
0.600849748,0.219534367
0.581724107,0.278752118
0.573604882,0.297068782
0.561695218,0.316537529
0.538812339,0.340916723
0.520323098,0.368264049
0.492298424,0.396202385
0.472257853,0.430451959
0.453402549,0.45372346
0.419182837,0.481434107
0.40584746,0.486397102
0.393883169,0.481194571
0.387950599,0.449305207
0.385228515,0.444232255
0.380459517,0.440731525
0.379961789,0.442729205
0.446727633,0.531071782
0.456031471,0.552119255
0.460399568,0.577919245
0.466491431,0.608501971
0.467661887,0.625675559
0.474820763,0.652144015
0.465866864,0.674294472
0.445990086,0.683818936
0.388310313,0.691119015
0.378583372,0.693203807
0.373444498,0.687875867
0.349204153,0.673091233
0.307192862,0.649635553
0.297447473,0.645410895
0.292207479,0.628650784
0.249025106,0.634287357
0.230925933,0.647001088
0.119402949,0.650820851
0.12127617,0.655416667
0.22469376,0.56612134
0.24676086,0.589230835
0.25394512,0.602935195
0.252391674,0.619936347
0.260921925,0.624956906
0.266716577,0.635460198
0.272443354,0.649755061
0.27799803,0.658212125
0.285482526,0.648748994
0.293940932,0.641657174
0.304677486,0.632367074
0.311349303,0.627834141
0.344875038,0.556863129
0.349812835,0.542708337
0.366530448,0.512940168
0.377199441,0.37089771
0.381048262,0.35469532
0.383690685,0.332999915
0.389192462,0.320108831
0.396357864,0.286518753
0.395716131,0.275184654
0.404055744,0.258573443
0.769270599,0.463992462
0.800170958,0.439270347
0.826489747,0.432706416
0.838814557,0.409488976
0.84799391,0.396887094
0.849081814,0.384388566
0.852920055,0.376588166
0.851240993,0.370749772
0.84964484,0.364582419
0.856776237,0.358985573
0.862693071,0.340075552
0.869042099,0.324982792
0.876419008,0.312633634
0.875567436,0.303485006
0.876059115,0.302093185
0.881546915,0.293859355
0.883399546,0.288910151
0.885890424,0.278429568
0.889461219,0.274434775
0.890593886,0.270147264
0.893016338,0.265792459
0.884011388,0.21142447
0.875273049,0.212521762
0.867156327,0.214433737
0.859854162,0.217466965
0.838929772,0.215535998
0.814220965,0.22240001
0.78359282,0.222918466
0.762707591,0.221628606
0.735316038,0.229131058
0.655642927,0.224203616
0.573442698,0.230524592
0.525666237,0.245800033
0.472445399,0.268920571
0.423042893,0.332314879
0.415223092,0.396121889
0.467353314,0.383979857
0.519875661,0.233746119
0.521586597,0.244092032
0.57008481,0.496602848
0.599314451,0.534831345
0.617987454,0.562549889
0.654402912,0.587574542
0.672636271,0.609595776
0.769102871,0.640866041
0.777930915,0.665400386
0.802641094,0.67430222
0.82100141,0.692402959
0.820840478,0.701478481
0.847555161,0.500960767
0.858276427,0.336240262
0.857757092,0.306728065
0.862956524,0.27110637
0.865855277,0.275466107
0.873556197,0.28063754
0.844661772,0.245138079
0.789201736,0.322782904
0.772506416,0.350907475
0.729952395,0.425076187
0.655375421,0.480796069
0.470417321,0.345185876
0.414127856,0.298259936
0.29989022,0.277623057
0.649415672,0.352562189
0.643001556,0.349369407
0.643544674,0.346467912
0.642014384,0.344141275
0.64367491,0.347593307
0.64810431,0.349853337
0.647063017,0.351289064
0.652141929,0.349643558
0.661475599,0.439343363
0.654545307,0.478871256
0.658836842,0.498185515
0.659919977,0.512872383
0.666367769,0.520597577
0.66836226,0.525770307
0.673494637,0.538558289
0.677189589,0.548126876
0.680426121,0.554996371
0.694809854,0.567060173
0.709589362,0.579189241
0.716318786,0.582133114
0.716554582,0.591161311
0.727255166,0.594112456
0.727732539,0.595823765
0.728982925,0.600886583
0.728938401,0.600357711
0.731641233,0.598941207
0.728386283,0.597602546
0.731320679,0.596881509
0.731500328,0.597629428
0.731258214,0.598305464
0.73057276,0.597463191
0.732226074,0.597103596
0.730467558,0.597720325
0.731418669,0.593852222
0.744353831,0.572047353
0.744217992,0.562597632
0.74861598,0.553848088
0.748235524,0.539708242
0.752400637,0.530742899
0.761686444,0.51881063
0.762617767,0.512446046
0.765570819,0.505690336
0.775621414,0.49570857
0.77509886,0.486374989
0.78004837,0.476507723
0.788463593,0.466324717
0.788534284,0.463225633
0.791130781,0.459071472
0.789299488,0.454512954
0.789208114,0.453921318
0.788051605,0.449722186
0.788230717,0.442836583
0.788117588,0.438676208
0.789845526,0.437797278
0.787930429,0.434934705
0.788591564,0.433641016
0.78707099,0.432326585
0.787327051,0.43286404
0.787593007,0.434790075
0.787615061,0.434148073
0.787167072,0.433808416
0.787040532,0.434529006
0.787048519,0.432364643
0.78698355,0.433211207
0.787160397,0.432876766
0.787906408,0.430102468
0.787072301,0.430029631
0.786549807,0.43041417
0.785688162,0.430659264
0.785529852,0.430559456
0.78542614,0.432342678
0.78667134,0.429188043
0.786276877,0.431054056
0.786354721,0.429805189
0.785634398,0.430430621
0.785686672,0.429826111
0.785067558,0.429623097
0.784840405,0.429800183
0.784468532,0.430083781
0.784953713,0.430134416
0.7844311,0.430656493
0.784890294,0.430501223
0.784537971,0.429871351
0.780424953,0.429483414
0.775391519,0.42499873
0.780307949,0.421368092
0.78282398,0.413491428
0.7847628,0.409275323
0.785179615,0.405310243
0.787334263,0.402845055
0.788776815,0.402323306
0.788306296,0.400516987
0.788203359,0.398225844
0.787117422,0.401570767
0.787979841,0.402368754
0.787528932,0.402175963
0.787958443,0.403443545
0.787980795,0.401686341
0.787505031,0.399035215
0.787946463,0.3977319
0.791156232,0.396085709
0.788444996,0.396428347
0.789627314,0.396886349
0.787782133,0.397531897
0.787173569,0.397035003
0.788298726,0.397747099
0.789708197,0.398025751
0.787532806,0.396707565
0.788369179,0.395299762
0.788259327,0.395192236
0.787011981,0.395869106
0.78837359,0.396964431
0.787976503,0.399273306
0.789011478,0.401127666
0.789424002,0.402032286
0.788052619,0.401202381
0.787699461,0.402431518
0.787356794,0.40229398
0.787361741,0.402457982
0.789219141,0.401577234
0.788601577,0.402326018
0.787998199,0.400479227
0.787365079,0.402313083
0.787951052,0.403136104
0.791239142,0.388082147
0.798890829,0.366901845
0.808982134,0.352025867
0.821090102,0.342243403
0.820890129,0.334606975
0.824199736,0.329206139
0.822603583,0.329775512
0.821529806,0.332178771
0.80093962,0.334051698
0.800883889,0.33038938
0.802524567,0.33180663
0.805651844,0.329848796
0.800505638,0.33673501
0.80179745,0.33973667
0.799279869,0.341504812
0.799832046,0.34374544
0.800812244,0.343279541
0.800260127,0.345587283
0.802338302,0.341981649
0.80336827,0.341846108
0.800890982,0.34223178
0.801990986,0.342761934
0.798467517,0.342682838
0.802155435,0.34305042
0.801040292,0.342658371
0.801835835,0.343887657
0.80254215,0.344370753
0.801751077,0.342735082
0.799790025,0.343466014
0.800314128,0.341637522
0.799366117,0.342231214
0.797478735,0.341024935
0.797751904,0.342488647
0.795847118,0.343819231
0.79906857,0.343394905
0.799276948,0.336965948
0.802466512,0.333012968
0.804743052,0.326889515
0.810501397,0.317385584
0.807752132,0.316065371
0.813478529,0.306854516
0.816410899,0.302515805
0.820640743,0.295966864
0.818878293,0.292878956
0.822666168,0.29159984
0.822619796,0.290782452
0.822113037,0.288218521
0.82098937,0.288639046
0.820034683,0.287805468
0.818485081,0.288987458
0.818076193,0.287418365
0.819118559,0.287808158
0.82532531,0.291753702
0.821347773,0.28474924
0.821475208,0.278358668
0.830792725,0.27378124
0.830865562,0.266330622
0.854833782,0.270013928
0.856314003,0.322008014
0.856190741,0.334384233
0.858900905,0.346402347
0.861226439,0.365898222
0.8612203,0.37479645
0.857954144,0.378882676
0.858782768,0.384151846
0.860248864,0.382196188
0.859052002,0.38346529
0.857859433,0.389183015
0.858740091,0.388701618
0.859086096,0.396791607
0.836883545,0.487928465
0.812898934,0.5091483
0.772967398,0.527796328
0.739847302,0.547843575
0.700603127,0.569124937
0.652634919,0.583487868
0.613006473,0.598911524
0.569094121,0.613588572
0.51742442,0.624118745
0.437214524,0.637185812
0.398917139,0.632658362
0.356316268,0.626836836
0.34172979,0.618935049
0.311039239,0.604002714
0.290562361,0.606693745
0.269102573,0.600448847
0.259931229,0.589817464
0.250317186,0.592377424
0.247345947,0.5845052
0.239827275,0.584878325
0.229578093,0.568626046
0.229286209,0.561029434
0.22071296,0.568769038
0.207249314,0.564839303
0.208356887,0.539973244
0.200964615,0.521061435
0.199866489,0.515707478
0.201295063,0.489086196
0.200952232,0.463671073
0.20061256,0.450966731
0.193377838,0.43802312
0.185145542,0.408149987
0.183423191,0.402742624
0.181805894,0.37681973
0.184014127,0.367532551
0.187938198,0.347811997
0.192886397,0.329885423
0.194039583,0.315322816
0.384163827,0.299563169
0.450689808,0.392708749
0.51039128,0.457865134
0.560085177,0.508509323
0.616038024,0.549563408
0.681726933,0.589271188
0.712295711,0.608891428
0.755674183,0.628499687
0.793019533,0.64544785
0.812084138,0.647775471
0.820598125,0.646823645
0.82658124,0.650129139
0.826749444,0.648493826
0.827335954,0.650799572
0.827391148,0.651274502
0.826426148,0.650982141
0.824932277,0.650213063
0.824228466,0.649844885
0.827984631,0.651856482
0.824555814,0.650090039
0.827408791,0.651761353
0.824634194,0.65147537
0.829810023,0.651663661
0.829717577,0.650368392
0.830942571,0.655217946
0.830304325,0.655157745
0.830502748,0.654211462
0.831566155,0.653055072
0.832269251,0.65444386
0.830651939,0.654891014
0.830380797,0.65316242
0.829035103,0.652172446
0.827452004,0.651246727
0.827649891,0.652874887
0.829646587,0.652537644
0.831697106,0.649157465
0.834975839,0.650847554
0.837176204,0.65182209
0.844221413,0.648886442
0.847617805,0.622219265
0.84135884,0.566765308
0.83017534,0.516669154
0.82011193,0.465324119
0.809818387,0.407696605
0.784541011,0.340651959
0.780004561,0.340619892
0.775249958,0.338937074
0.772397876,0.339375764
0.768530011,0.344919711
0.754243731,0.335161328
0.73798877,0.32607919
0.711321533,0.333050936
0.683825552,0.335777044
0.646224618,0.349588722
0.619373262,0.361631572
0.57505554,0.391430974
0.536176518,0.411595702
0.51167047,0.436941803
0.471777871,0.462208912
0.427687228,0.48915109
0.393110007,0.512923673
0.358310699,0.530728862
0.313291967,0.565604806
0.27900964,0.583635747
0.251062363,0.602306306
0.189639285,0.625221193
0.181747392,0.6337834
0.163731337,0.622209311
0.159326911,0.607899606
0.156800747,0.559333622
0.157984808,0.54351753
0.160734951,0.528932393
0.170348242,0.514611527
0.172901362,0.504293263
0.174650937,0.488681629
0.177861676,0.462463006
0.183080301,0.444874138
0.178884208,0.426598847
0.176515251,0.418611288
0.174199775,0.40854305
0.165691584,0.378497273
0.158886611,0.349307716
0.166773856,0.313066363
0.197323173,0.348374069
0.238319524,0.366852224
0.343743712,0.407123446
0.384637624,0.424338967
0.447553158,0.450694263
0.515227497,0.465458795
0.587643027,0.487146497
0.648408532,0.49643591
0.694612265,0.517484471
0.751657903,0.531248465
0.776840448,0.540594205
0.819329679,0.554815233
0.836034656,0.571333408
0.849616766,0.565835953
0.871084988,0.563115478
0.883898258,0.558265328
0.894883633,0.557704389
0.891416788,0.577499986
0.882951379,0.577089071
0.876262963,0.578692257
0.864167333,0.57767272
0.863418162,0.580677509
0.858050585,0.572731674
0.854308724,0.557851613
0.852762163,0.530323252
0.85670805,0.521312892
0.857351899,0.510603607
0.856548429,0.496644139
0.86221683,0.475206181
0.856043696,0.467497632
0.854250014,0.465623736
0.853694141,0.475151837
0.860042334,0.493312523
0.863163292,0.513386548
0.861774504,0.529415607
0.863727331,0.551569045
0.861316681,0.574806571
0.864018083,0.607802212
0.859782994,0.639293969
0.861147046,0.645983517
0.861933351,0.64264822
0.865028679,0.638556659
0.866964817,0.642176032
0.861416638,0.63021493
0.856202841,0.628090739
0.850869238,0.631610155
0.848867536,0.634821713
0.847089887,0.634248257
0.845529675,0.591913104
0.841835082,0.580074668
0.839187205,0.569025397
0.831721425,0.560734808
0.826472104,0.546961129
0.823639274,0.532967567
0.81894803,0.521164
0.815051019,0.513581216
0.8084445,0.502046108
0.806410253,0.484005287
0.804480255,0.469024584
0.805071354,0.454281032
0.800992489,0.447065085
0.798234701,0.437597841
0.798365772,0.445961118
0.78939712,0.495491058
0.783872306,0.507171586
0.779375911,0.53783901
0.777615726,0.55950892
0.786677539,0.593218744
0.803341627,0.600941539
0.809166789,0.619087875
0.813854218,0.610167444
0.857071519,0.637400568
0.866304696,0.695047677
0.883989096,0.71581018
0.87574017,0.732847333
0.85147953,0.659693182
0.840525329,0.654564798
0.844964087,0.640013576
0.839095235,0.630228221
0.830264628,0.62848866
0.829586506,0.625014246
0.829883993,0.62487191
0.835587323,0.598996282
0.83446914,0.579488397
0.831548691,0.574733496
0.830414116,0.568040311
0.831071377,0.558805943
0.832444668,0.549491107
0.831800938,0.527430415
0.830922604,0.521050826
0.830312431,0.510983944
0.829464793,0.51280731
0.827774405,0.512699425
0.8321594,0.51414144
0.851229608,0.487769574
0.856378853,0.443731338
0.854133427,0.378785402
0.862721503,0.372139454
0.851165235,0.379712552
0.842264712,0.539534867
0.841126442,0.534757271
0.831919611,0.525464132
0.833174825,0.543117389
0.834625423,0.693313658
0.828816772,0.710533202
0.821295381,0.715622663
0.826500535,0.729273438
0.826845884,0.727452695
0.826467812,0.729676485
0.830961406,0.729113281
0.828294992,0.719228268
0.829183578,0.722585618
0.829461694,0.723559499
0.829650581,0.725335538
0.830585539,0.732196271
0.826470017,0.733622193
0.826706886,0.717655301
0.828263819,0.726119101
0.846430838,0.646993339
0.843460083,0.567987025
0.837717414,0.566609502
0.838410735,0.559271991
0.839892983,0.543024376
0.849588931,0.498260528
0.85557723,0.464123175
0.856780171,0.439100087
0.858484507,0.419372767
0.892880738,0.419024855
0.904018402,0.439718574
0.917239726,0.470194519
0.90805155,0.491866887
0.902784705,0.514213264
0.901656151,0.531914786
0.904717624,0.562723696
0.90871048,0.595694005
0.91612196,0.631604433
0.920161128,0.656013429
0.931520939,0.681586266
0.930161595,0.683289111
0.924615085,0.680813193
0.93356806,0.672811627
0.925269008,0.65943718
0.926755607,0.651643336
0.918104172,0.643666089
0.910829246,0.633238316
0.893207312,0.619927466
0.882109106,0.626082897
0.873344958,0.632550359
0.862441897,0.635127187
0.855596244,0.650314331
0.844444156,0.673658967
0.809197009,0.685868442
0.803331733,0.689235568
0.79790318,0.693298101
0.790138364,0.699454606
0.774319172,0.704248607
0.751868665,0.700973153
0.748176873,0.688120902
0.745206833,0.672790825
0.740941703,0.643427491
0.741472661,0.605876148
0.741519749,0.565544307
0.741494894,0.55055128
0.741895795,0.530392155
0.736668944,0.516860023
0.734577119,0.491936222
0.73554194,0.469495535
0.734065354,0.456421465
0.725815237,0.43680045
0.732327998,0.398205489
0.72568047,0.377925098
0.727969408,0.350480437
0.729008257,0.331499845
0.724844813,0.286790282
0.721383214,0.323624372
0.719933748,0.350386024
0.71556294,0.367521346
0.713068724,0.380389959
0.715330958,0.392444968
0.723338485,0.404109627
0.725681961,0.424665868
0.732474744,0.44459112
0.759445667,0.445746824
0.793451846,0.433442146
0.835992038,0.42249158
0.856814623,0.40590772
0.885713339,0.41023472
0.924540639,0.424897671
0.931573987,0.445287317
0.928318381,0.611239076
0.921806633,0.63771975
0.91535157,0.666918159
0.886008382,0.665531158
0.876162291,0.629614532
0.872605681,0.601618707
0.879913509,0.494489804
0.879461706,0.396895349
0.885832965,0.353411049
0.88696593,0.310414918
0.904289663,0.250742406
0.906370759,0.24009838
0.907774448,0.227331959
0.906868041,0.227158271
0.913689435,0.214780331
0.918851078,0.212777235
0.924351156,0.195354283
0.933873415,0.175346438
0.884641469,0.163858891
0.875078201,0.169205412
0.862439573,0.171723634
0.853722453,0.171615843
0.762439668,0.157405391
0.756414533,0.174217746
0.697754622,0.306530826
0.68582952,0.334845424
0.649861336,0.373044074
0.628670216,0.409270674
0.596967161,0.442309111
0.565577209,0.467707038
0.531744942,0.478828788
0.510751247,0.495805994
0.480135024,0.518322945
0.496186525,0.512530148
0.521068394,0.526263013
0.55324167,0.57868278
0.560479999,0.5941661
0.572254241,0.615651786
0.58220166,0.642102838
0.58839196,0.654005468
0.596491933,0.668143153
0.598849058,0.664341331
0.612010062,0.671164811
0.612736344,0.675366461
0.615997016,0.676070631
0.614959598,0.675886333
0.622619092,0.677048564
0.624995589,0.670374334
0.631693304,0.674706697
0.617374599,0.692189753
0.599030018,0.693223953
0.593345165,0.691249371
0.585769176,0.691519678
0.58256489,0.690975904
0.572758198,0.694117785
0.553925335,0.694058955
0.544627845,0.692816913
0.537169516,0.699409366
0.530208647,0.704561293
0.528024554,0.704366386
0.525060296,0.704241812
0.517834663,0.700244367
0.511780918,0.694535673
0.512651861,0.693662345
0.499324426,0.689168036
0.656588435,0.556127891
0.660155237,0.592161417
0.658706129,0.666174412
0.642055333,0.65535754
0.613734245,0.620036125
0.591685236,0.598742366
0.518763781,0.566103697
0.459813714,0.562382698
0.353038371,0.587368965
0.303874463,0.583476067
0.251941077,0.584266484
0.128903225,0.384421676
0.137739073,0.343134105
0.13144955,0.319399685
0.29642424,0.391819209
0.348073959,0.424449205
0.386447936,0.462790444
0.448837191,0.501856327
0.546650827,0.55616878
0.56359154,0.571504951
0.598628819,0.579630792
0.615135908,0.594047904
0.643646836,0.608842373
0.671068728,0.622131169
0.709358156,0.629558921
0.730344474,0.641900361
0.751305342,0.654772222
0.76879251,0.671475708
0.787226319,0.676184654
0.801108539,0.672014236
0.826902449,0.652909756
0.842573404,0.635248542
0.855179131,0.623710811
0.859589875,0.581290185
0.854723155,0.53610456
0.835987151,0.297022372
0.822332919,0.2762959
0.799807668,0.259152532
0.783590972,0.238705739
0.777288556,0.240913004
0.759420812,0.234386653
0.728082776,0.231232375
0.721109331,0.23208151
0.679023445,0.230562657
0.668234468,0.235957846
0.646656573,0.270345442
0.566348732,0.379624575
0.518179953,0.452746615
0.498281747,0.494055346
0.514974475,0.513605848
0.453144684,0.54423292
0.413909405,0.586994231
0.384483367,0.614365995
0.36506328,0.639026701
0.302850127,0.671706796
0.296203732,0.682947516
0.243175365,0.686875999
0.224941075,0.693243086
0.177679658,0.691602647
0.151258796,0.604105055
0.251838535,0.55307585
0.288343221,0.556090474
0.345960349,0.56063199
0.404332757,0.5742715
0.511313081,0.586969078
0.56740427,0.591964841
0.625750005,0.598588943
0.679392457,0.616056979
0.728667915,0.6269539
0.804702759,0.635432363
0.834214449,0.642934203
0.852183998,0.642532408
0.874181569,0.62661761
0.885353804,0.611276269
0.886700571,0.562323079
0.884606361,0.508871436
0.888284862,0.337546587
0.884111106,0.250456691
0.880231619,0.225028038
0.864902794,0.214711785
0.862708747,0.200538233
0.864965856,0.195685349
0.8683393,0.197673447
0.86078614,0.199860409
0.858525336,0.201322109
0.84527117,0.185781941
0.844911993,0.176409438
0.843142927,0.176185995
0.838925779,0.1730299
0.841169596,0.173072517
0.840745449,0.176668506
0.844803631,0.19581607
0.849537969,0.1990688
0.85929805,0.204819649
0.867998302,0.206489772
0.870089173,0.204835646
0.879962683,0.196980223
0.886480808,0.200774483
0.936503649,0.184816122
0.923577249,0.173710648
0.878463507,0.167524099
0.883828223,0.186700109
0.943773746,0.399361789
0.919790626,0.397815466
0.913096249,0.378092051
0.902581394,0.329497933
0.935261965,0.176286638
0.872025967,0.209803045
0.868867815,0.191128448
0.876228988,0.444346026
0.860949337,0.463449463
0.859212697,0.235039651
0.874960482,0.269638211
0.862859726,0.322612852
0.856374741,0.376815468
0.869508147,0.403104514
0.862021387,0.221427187
0.855922401,0.213319041
0.866709232,0.287506282
0.862355888,0.378779083
0.863018394,0.397824287
0.858429492,0.38123849
0.858994484,0.27099473
0.859787941,0.225159697
0.863646209,0.331041038
0.868639946,0.397129208
0.868062675,0.463157669
0.85318315,0.495012224
0.851075709,0.481183991
0.861877739,0.420646697
0.861953557,0.343326986
0.861118495,0.267531045
0.866847992,0.225346908
0.884994984,0.207518697
0.911043346,0.212711163
0.923589647,0.250928044
0.927065372,0.558554649
0.92919457,0.559835628
0.919293761,0.53803575
0.917096078,0.509571776
0.919382036,0.46357964
0.868324876,0.138020888
0.852208376,0.109840721
0.726097465,0.12932137
0.672325134,0.142133061
0.616389573,0.135804225
0.532925308,0.173695579
0.547781453,0.187732503
0.574801087,0.195869923
0.605959833,0.205351688
0.763952494,0.223956026
0.814138114,0.263298817
0.859171867,0.290939808
0.878239572,0.324287891
0.908908963,0.351313502
0.923326075,0.381085157
0.949800074,0.43310973
0.943249524,0.42523998
0.93736577,0.411570907
0.9349702,0.383100271
0.938914537,0.337699383
0.92447859,0.267720379
0.926793873,0.181098163
0.927327216,0.170348484
0.937813997,0.239420973
0.957212031,0.32452029
0.94398129,0.304183543
0.947365999,0.29909233
0.948755562,0.285109974
0.944870174,0.265682437
0.936141074,0.269537181
0.915816367,0.329098135
0.884682775,0.345949262
0.872588158,0.353525013
0.858634531,0.363739878
0.849780858,0.372979015
0.836548984,0.403560132
0.828579605,0.428843737
0.813938797,0.454743624
0.807363689,0.482548416
0.797554135,0.504613101
0.784012198,0.511283278
0.775191605,0.506289601
0.765390754,0.504258275
0.755331814,0.481706068
