0,0,0
0.9272915720939636,0.19261615723371506,0.0
0.9245871901512146,0.1968103051185608,40.0
0.9320995211601257,0.19281167536973953,320.0
0.9321773052215576,0.19227555394172668,601.0
0.9306701421737671,0.18466992676258087,881.0
0.9334361553192139,0.1740378439426422,1162.0
0.9322779774665833,0.17157188057899475,1442.0
0.881340503692627,0.16574953496456146,4166.0
0.8807719349861145,0.17071497067809105,4447.0
0.8816187381744385,0.19461419060826302,4767.0
0.9073270559310913,0.20675472915172577,5088.0
0.8879269957542419,0.20354066789150238,6971.0
0.8678812980651855,0.174746572971344,7251.0
0.8686538338661194,0.1605338640511036,7532.0
0.8884419798851013,0.16425132751464844,7812.0
0.9063294529914856,0.19705262780189514,8093.0
0.9161553382873535,0.6432775855064392,10176.0
0.8845387101173401,0.7014802098274231,10737.0
0.8591394424438477,0.7153307199478149,11017.0
0.8303724527359009,0.7216591835021973,11297.0
0.7861623167991638,0.7198671698570251,11618.0
0.7550809383392334,0.7245587110519409,11898.0
0.7090485095977783,0.7315677404403687,12179.0
0.6139599084854126,0.7218702435493469,12700.0
0.5675275325775146,0.7123688459396362,13020.0
0.5065326690673828,0.7044435739517212,13301.0
0.4622112661600113,0.7011788487434387,13581.0
0.3962012231349945,0.7004204392433167,13861.0
0.3629129230976105,0.6919974088668823,14142.0
0.33093979954719543,0.6741383075714111,14462.0
0.30573761463165283,0.6488162279129028,14743.0
0.2874930799007416,0.6456329226493835,15023.0
0.25307030230760574,0.638757050037384,15304.0
0.22827597707509995,0.6434755921363831,15584.0
0.19183428585529327,0.6430898904800415,15865.0
0.16035247966647148,0.6489121317863464,16145.0
0.14586172997951508,0.653143584728241,16425.0
0.13780684769153595,0.660883903503418,16706.0
0.13217926397919655,0.6686788201332092,16986.0
0.1261865794658661,0.6443531513214111,17267.0
0.11528435721993446,0.6174560189247131,17547.0
0.10985512658953667,0.5946600437164307,17828.0
0.09398092329502106,0.5117733478546143,19150.0
0.08781781792640686,0.4953325390815735,19430.0
0.2843411788344383,0.4370971620082855,38700.0
0.3403288424015045,0.4771924912929535,38980.0
0.38656508922576904,0.5032774209976196,39261.0
0.43504154682159424,0.525695264339447,39701.0
0.45616036653518677,0.526795506477356,39982.0
0.4786228686571121,0.5141658633947372,40423.0
0.4828834682703018,0.49669063091278076,40703.0
0.4931858777999878,0.48018379509449005,40983.0
0.5025275945663452,0.4512775391340256,41264.0
0.5141844749450684,0.42512547969818115,41544.0
0.4979231357574463,0.4004609286785126,41825.0
0.4946730136871338,0.38518473505973816,42105.0
0.4799569100141525,0.39012399315834045,42386.0
0.46788719296455383,0.39733877778053284,42666.0
0.4605441987514496,0.39761194586753845,42946.0
0.4389724135398865,0.3637621998786926,43267.0
0.4137496054172516,0.2833675146102905,43788.0
0.29750245809555054,0.3247450590133667,45591.0
0.23519981652498245,0.4365939199924469,46191.0
0.20262524485588074,0.5179437398910522,46712.0
0.2055191472172737,0.5353134125471115,46993.0
0.2011428326368332,0.5166026800870895,47273.0
0.18939611315727234,0.4721212238073349,47554.0
0.16425369679927826,0.33788931369781494,48114.0
0.19356819987297058,0.33867499232292175,63899.0
0.23502374440431595,0.4100984036922455,64179.0
0.29503363370895386,0.4535818248987198,64460.0
0.37811514735221863,0.484264612197876,64820.0
0.45711103081703186,0.4978782534599304,65101.0
0.5335976481437683,0.5029829740524292,65381.0
0.5998559594154358,0.4941342771053314,65662.0
0.653477668762207,0.48730818927288055,65942.0
0.7039690017700195,0.4716437757015228,66343.0
0.7133669257164001,0.45938389003276825,66623.0
0.7351015210151672,0.4534010887145996,66904.0
0.7402624487876892,0.38079845905303955,67625.0
0.7426528930664062,0.33864885568618774,68145.0
0.735081672668457,0.2009301483631134,69027.0
0.7212936282157898,0.1784273199737072,69347.0
0.711580753326416,0.166851494461298,69628.0
0.7098799347877502,0.16262060403823853,69908.0
0.7062199115753174,0.16572676599025726,70189.0
0.6964805722236633,0.16686517000198364,70469.0
0.688801109790802,0.18075121939182281,72152.0
0.6915990710258484,0.17124345898628235,72432.0
0.6978735327720642,0.16645143553614616,72713.0
0.6965399980545044,0.16613752767443657,72993.0
0.7022252678871155,0.1674298793077469,73273.0
0.70778489112854,0.17013360932469368,73554.0
0.7198490500450134,0.1663876213133335,73834.0
0.7239488363265991,0.16337470337748528,74155.0
0.7500454783439636,0.16788766905665398,75156.0
0.7595650553703308,0.1693531610071659,75437.0
0.7668652534484863,0.17239165678620338,75717.0
0.773414134979248,0.1760481595993042,75998.0
0.7709015011787415,0.17563767358660698,76278.0
0.7745546102523804,0.17419925332069397,76558.0
0.7816556096076965,0.17493898794054985,76879.0
0.7891377210617065,0.17581474781036377,77159.0
0.7861748933792114,0.17423973977565765,77840.0
0.8049629330635071,0.16227353736758232,79523.0
0.8085536956787109,0.16202862560749054,79884.0
0.8210893869400024,0.17032930254936218,80164.0
0.826083779335022,0.1667378805577755,80444.0
0.8538082242012024,0.17562471330165863,81686.0
0.8552328944206238,0.17648284137248993,81967.0
0.8657445907592773,0.17941012606024742,82247.0
0.8694575428962708,0.18281421065330505,82528.0
0.8722749948501587,0.19481882452964783,82808.0
0.875678539276123,0.2021767422556877,83089.0
0.9103856086730957,0.4397464543581009,86253.0
0.9220626354217529,0.4798646569252014,86574.0
0.9372660517692566,0.5144883990287781,86854.0
0.9496398568153381,0.5391701459884644,87135.0
0.9473220109939575,0.5669842958450317,87415.0
0.9476388692855835,0.5863879919052124,87816.0
0.9363193511962891,0.6407780051231384,89218.0
0.9344491362571716,0.662846028804779,89498.0
0.9217713475227356,0.7024883031845093,89779.0
0.9227518439292908,0.7176457047462463,90059.0
0.9180520176887512,0.7329065203666687,90340.0
0.9243875741958618,0.7434350848197937,91181.0
0.9237121939659119,0.7350308299064636,91462.0
0.9210723638534546,0.7150028347969055,91742.0
0.9162245392799377,0.6897303462028503,92022.0
0.9217842221260071,0.675297737121582,92303.0
0.9193342328071594,0.6617302298545837,92583.0
0.907771646976471,0.6326329112052917,92864.0
0.9052926301956177,0.6072838306427002,93144.0
0.8970370292663574,0.5640282034873962,93545.0
0.8875958323478699,0.5276199579238892,94025.0
0.8735469579696655,0.5116022825241089,94306.0
0.8610128164291382,0.49811145663261414,94586.0
0.7872573733329773,0.46279969811439514,95388.0
0.7367357611656189,0.45459985733032227,95748.0
0.6816376447677612,0.45957180857658386,96029.0
0.6277269721031189,0.46283382177352905,96309.0
0.5434194803237915,0.48133639991283417,96750.0
0.4933426082134247,0.4953462481498718,97030.0
0.4005137085914612,0.5231715440750122,97551.0
0.36257120966911316,0.5333716869354248,97831.0
0.31245648860931396,0.5541213005781174,98112.0
0.2531406581401825,0.5873416662216187,98552.0
0.21595120429992676,0.6119073033332825,98833.0
0.19436562061309814,0.6325832605361938,99113.0
0.16324616968631744,0.6342412233352661,99394.0
0.15584149956703186,0.6390056610107422,99674.0
0.16983391344547272,0.615253210067749,102078.0
0.2035590261220932,0.6247084736824036,102999.0
0.18811845779418945,0.6577556133270264,114056.0
0.19342897832393646,0.6574161052703857,114337.0
0.19827260076999664,0.6617963910102844,114617.0
0.20223654806613922,0.664824366569519,114898.0
0.20640909671783447,0.6676465272903442,115178.0
0.2084207832813263,0.6669872403144836,115459.0
0.21172858774662018,0.6645053029060364,115739.0
0.20992423593997955,0.6524567604064941,116140.0
0.21742624044418335,0.6512926816940308,116420.0
0.22527271509170532,0.6480565071105957,116701.0
0.2367037683725357,0.634988009929657,116981.0
0.2518708407878876,0.6339215636253357,117261.0
0.2616540417075157,0.6240082383155823,117862.0
0.26661238074302673,0.6131768822669983,118143.0
0.26604828238487244,0.6021136045455933,118463.0
0.2659040093421936,0.5871882438659668,118864.0
0.26099782437086105,0.5824731588363647,119705.0
0.2635832950472832,0.5886158347129822,120266.0
0.2767423689365387,0.5841204524040222,120547.0
0.2921141982078552,0.5796166062355042,120947.0
0.30834388732910156,0.5877407193183899,121228.0
0.3518010675907135,0.6001549959182739,121508.0
0.7159732580184937,0.6447960138320923,123391.0
0.7623804211616516,0.6601538062095642,123671.0
0.8499783277511597,0.6496679186820984,124873.0
0.8412438631057739,0.6369856595993042,125354.0
0.8494516611099243,0.6223461627960205,126155.0
0.8510084748268127,0.6029590368270874,126516.0
0.852662980556488,0.6051707863807678,126796.0
0.8491185903549194,0.6179023385047913,127077.0
0.8588704466819763,0.6262508034706116,127357.0
0.8620168566703796,0.6297638416290283,127678.0
0.8594907522201538,0.6367470622062683,127958.0
0.8561146259307861,0.6408725380897522,128238.0
0.8590960502624512,0.6447725296020508,128519.0
0.8597637414932251,0.6491615772247314,128799.0
0.856991708278656,0.6462727189064026,129080.0
0.861136794090271,0.6448725461959839,129360.0
0.8660832047462463,0.6496013402938843,129641.0
0.8725554347038269,0.6611179709434509,129921.0
0.8721629977226257,0.6794323921203613,130201.0
0.8704401254653931,0.6825554966926575,130522.0
0.8698354363441467,0.700562059879303,130802.0
0.8735051155090332,0.721889317035675,131083.0
0.8738036751747131,0.7340006828308105,131363.0
0.8734989166259766,0.7402650117874146,131844.0
0.8739827871322632,0.7429143786430359,132124.0
0.873528003692627,0.7515815496444702,132405.0
0.876613199710846,0.7505248785018921,132685.0
0.874062716960907,0.7518229484558105,132966.0
0.8766076564788818,0.7479320168495178,133246.0
0.8741813898086548,0.7380215525627136,133527.0
0.8803973197937012,0.7352197766304016,133807.0
0.8897338509559631,0.7298902869224548,134087.0
0.9012657403945923,0.7256590127944946,134608.0
0.9155438542366028,0.7187598943710327,134889.0
0.9254890084266663,0.7180019021034241,135169.0
0.9364848136901855,0.7029415369033813,135450.0
0.9391419887542725,0.680869996547699,135770.0
0.9456886649131775,0.6646386384963989,136051.0
0.9463103413581848,0.6471292972564697,136371.0
0.9460534453392029,0.6368151307106018,136651.0
0.931517481803894,0.6236017346382141,137012.0
0.9195229411125183,0.6085735559463501,137292.0
0.9072102308273315,0.5818160176277161,137573.0
0.9053407907485962,0.5578300356864929,137853.0
0.902802586555481,0.5424771904945374,138134.0
0.8740026950836182,0.41414639353752136,139015.0
0.8612108826637268,0.36213141679763794,139336.0
0.833439290523529,0.32596153020858765,139816.0
0.7828003168106079,0.2957468703389168,140537.0
0.770600438117981,0.28736481070518494,140818.0
0.7285227179527283,0.27664393186569214,141339.0
0.7136779427528381,0.2818496450781822,141619.0
0.7117188572883606,0.27396438270807266,143061.0
0.7255328893661499,0.2767903804779053,143342.0
0.7741732597351074,0.2883404865860939,144023.0
0.7761597037315369,0.2969592735171318,144303.0
0.7837374806404114,0.31553295254707336,144664.0
0.8053265810012817,0.34186258912086487,144944.0
0.8281992077827454,0.3591647148132324,145225.0
0.8345530033111572,0.38204333186149597,145505.0
0.8426040410995483,0.3929726779460907,145786.0
0.8572666645050049,0.3841818869113922,146066.0
0.8645963072776794,0.3379042446613312,146346.0
0.8781240582466125,0.29978788644075394,146627.0
0.8730021715164185,0.2522853910923004,146947.0
0.8796652555465698,0.229356586933136,147228.0
0.8772850632667542,0.21349221467971802,147508.0
0.8783183693885803,0.20369360595941544,147789.0
0.874833345413208,0.19995877891778946,148069.0
0.8736950755119324,0.19664642959833145,148350.0
0.8747442364692688,0.19462338089942932,148630.0
0.8790100812911987,0.19361700117588043,148910.0
0.8904497623443604,0.19060274958610535,149191.0
0.9155040979385376,0.19057738780975342,149471.0
0.9231606125831604,0.18295587599277496,149752.0
0.926500678062439,0.1796029806137085,150032.0
0.9256601929664612,0.17872482165694237,150313.0
0.9218996167182922,0.17622403427958488,150673.0
0.9234829545021057,0.17393438890576363,150954.0
0.9297291040420532,0.17708738148212433,151314.0
0.9265475273132324,0.21487798541784286,154479.0
0.922732949256897,0.22280505299568176,154759.0
0.9173574447631836,0.24794676899909973,155040.0
0.9116958975791931,0.2627139389514923,155360.0
0.9047582745552063,0.2856146991252899,155641.0
0.8931650519371033,0.3734111487865448,156723.0
0.8794649243354797,0.380532830953598,157003.0
0.8704659342765808,0.385186105966568,157283.0
0.8608965873718262,0.39452770352363586,157564.0
0.856876015663147,0.39152005314826965,157844.0
0.8396633267402649,0.3916052281856537,158365.0
0.8227332830429077,0.4060969352722168,158645.0
0.7987096309661865,0.4229823052883148,159086.0
0.7898498177528381,0.42369362711906433,159367.0
0.7697159051895142,0.4283024072647095,159647.0
0.7503705620765686,0.4286288619041443,159927.0
0.741439938545227,0.4230532944202423,160208.0
0.7362378835678101,0.4044107496738434,160488.0
0.724879801273346,0.37855908274650574,160769.0
0.7197079658508301,0.37077978253364563,161049.0
0.7017008662223816,0.3520486354827881,161330.0
0.6953000426292419,0.3289957642555237,161610.0
0.7177981734275818,0.2978321313858032,162131.0
0.7280201315879822,0.29580143094062805,162491.0
0.7631590366363525,0.28714359551668167,162772.0
0.7973566651344299,0.2852148935198784,163052.0
0.8222007751464844,0.2837134599685669,163333.0
0.861903190612793,0.2422512173652649,163813.0
0.8735060095787048,0.23380552232265472,164094.0
0.877323567867279,0.21990196406841278,164374.0
0.9329074621200562,0.17706060782074928,166898.0
0.9345465898513794,0.17815258726477623,167259.0
0.9415773749351501,0.18059468269348145,167539.0
0.9328181743621826,0.18693898618221283,167820.0
0.9411735534667969,0.19426029920578003,168100.0
0.943524181842804,0.20657819509506226,168501.0
0.9257240891456604,0.22749899327754974,168781.0
0.9246352910995483,0.25402195006608963,171305.0
0.912907600402832,0.24571849405765533,171626.0
0.8902122378349304,0.21732397377490997,172226.0
0.8782740831375122,0.22210954129695892,172627.0
0.8685433268547058,0.23032420128583908,172908.0
0.8633368611335754,0.2591949328780174,173188.0
0.83486407995224,0.27864697575569153,173949.0
0.8199859261512756,0.2711697295308113,174510.0
0.8206341862678528,0.264203816652298,174790.0
0.8410782814025879,0.25857385993003845,175071.0
0.8463569283485413,0.2399549037218094,175431.0
0.8801820874214172,0.19732538238167763,175712.0
0.9134135842323303,0.342555969953537,184365.0
0.8783117532730103,0.42982256412506104,184806.0
0.8620299696922302,0.4716726541519165,185848.0
0.8550135493278503,0.4623584449291229,186128.0
0.8384954333305359,0.4497493505477905,186569.0
0.8233490586280823,0.449248343706131,186849.0
0.7992770671844482,0.45829686522483826,187130.0
0.776341438293457,0.46811801195144653,187410.0
0.7330326437950134,0.49087195098400116,187730.0
0.6764242649078369,0.5136877447366714,188011.0
0.60704505443573,0.5422250628471375,188331.0
0.46485234797000885,0.611152172088623,189012.0
0.362125962972641,0.6378535628318787,189734.0
0.33208316564559937,0.65120530128479,190014.0
0.2934797704219818,0.6575451493263245,190294.0
0.2560111954808235,0.67022705078125,190575.0
0.24795781075954437,0.6750748157501221,190855.0
0.22048112004995346,0.6882330775260925,191136.0
0.19527223706245422,0.6763229370117188,191496.0
0.17681507766246796,0.676567792892456,191777.0
0.1602180451154709,0.6673508286476135,192298.0
0.14027142897248268,0.6493837833404541,192738.0
0.1298975944519043,0.5845476984977722,194701.0
0.19331198930740356,0.5479732751846313,199989.0
0.15323877334594727,0.5047118812799454,203956.0
0.12338018044829369,0.5284091383218765,204396.0
0.09640762209892273,0.5594902634620667,204917.0
0.08589249849319458,0.5734124183654785,205438.0
0.07487022876739502,0.5854074358940125,205718.0
0.07528916746377945,0.5929914116859436,205999.0
0.0748057421296835,0.6319267749786377,206680.0
0.07339538633823395,0.6442627906799316,206960.0
0.07145499438047409,0.6475281119346619,207241.0
0.08275441825389862,0.6525857448577881,207521.0
0.08671421557664871,0.6476590037345886,208483.0
0.08752083778381348,0.6376344561576843,208803.0
0.08751653879880905,0.631982147693634,209124.0
0.08445263653993607,0.6268709897994995,209484.0
0.08788789995014668,0.6109239459037781,209765.0
0.08588143438100815,0.6035699844360352,210045.0
0.08681117556989193,0.5988576412200928,210325.0
0.08921312354505062,0.5926100015640259,210606.0
0.08248693495988846,0.586812436580658,210886.0
0.08596998825669289,0.5768713355064392,211167.0
0.07835860177874565,0.5742065906524658,211567.0
0.08317976631224155,0.5712639689445496,211848.0
0.08393930643796921,0.5623288750648499,212128.0
0.07753466628491879,0.5539246201515198,212409.0
0.08072980120778084,0.5561764240264893,212689.0
0.07570074312388897,0.5557975172996521,212970.0
0.08608058840036392,0.5540719032287598,213250.0
0.07687018066644669,0.5319245904684067,213530.0
0.08480822667479515,0.5366472005844116,213811.0
0.0857148040086031,0.5465574860572815,214091.0
0.08221901580691338,0.5461411625146866,214372.0
0.08332529105246067,0.5611644387245178,214652.0
0.090594083070755,0.5649939775466919,214933.0
0.0887921005487442,0.5703124403953552,215213.0
0.09033795818686485,0.5721451044082642,215493.0
0.11187371984124184,0.5630571842193604,219500.0
0.11398559808731079,0.536920502781868,219780.0
0.11336261034011841,0.5125859826803207,220381.0
0.11767527088522911,0.49003082513809204,220661.0
0.11580991744995117,0.4447479248046875,221463.0
0.09013383276760578,0.337728351354599,223706.0
0.08683129400014877,0.49192747473716736,236646.0
0.0766938328742981,0.5007194876670837,236927.0
0.06891963630914688,0.49301809072494507,237247.0
0.07046126015484333,0.48711976408958435,237528.0
0.07340984046459198,0.48215216398239136,237888.0
0.06903918087482452,0.5862455368041992,249666.0
0.08000475354492664,0.6188867688179016,249947.0
0.09496009349822998,0.6113241910934448,250828.0
0.13029193878173828,0.4577368497848511,267213.0
0.09729918837547302,0.5540809482336044,268055.0
0.0936297494918108,0.5731095671653748,268335.0
0.08820500783622265,0.596777617931366,268616.0
0.09438879415392876,0.6265019774436951,268896.0
0.09531025215983391,0.652741014957428,269177.0
0.09873843006789684,0.6779832243919373,269457.0
0.0924733355641365,0.6715618968009949,276949.0
0.09934002161026001,0.6508996486663818,279593.0
0.0774434506893158,0.673596978187561,285762.0
0.07557385973632336,0.6478739976882935,286043.0
0.07821930013597012,0.6228669881820679,286323.0
0.08370880037546158,0.5876253247261047,286603.0
0.08801405131816864,0.5628148317337036,286884.0
0.09045328199863434,0.5304131060838699,287164.0
0.11401001736521721,0.5314304828643799,287765.0
0.12965664267539978,0.5541873574256897,288046.0
0.1620951145887375,0.5858573913574219,288366.0
0.18727055191993713,0.614557147026062,288647.0
0.23183408379554749,0.6371666193008423,288927.0
0.2786697447299957,0.6488151550292969,289208.0
0.32894352078437805,0.6492319703102112,289488.0
0.3939683437347412,0.6466038823127747,289768.0
0.43853865563869476,0.641690731048584,290049.0
0.4845000207424164,0.6371102333068848,290329.0
0.5343316793441772,0.6380451917648315,290610.0
0.5881005525588989,0.6475538015365601,290890.0
0.6425098776817322,0.6563920974731445,291251.0
0.7096025347709656,0.6785010099411011,291691.0
0.7547303438186646,0.6787147521972656,292052.0
0.8195245862007141,0.6848935484886169,292693.0
0.8218743205070496,0.6869012713432312,292973.0
0.8191201090812683,0.6838671565055847,293254.0
0.8203547596931458,0.6845223307609558,293534.0
0.8204436898231506,0.6870445609092712,293815.0
0.817632794380188,0.6868639588356018,294095.0
0.8217899799346924,0.6881029009819031,294376.0
0.8197891712188721,0.6858895421028137,294656.0
0.8204206228256226,0.685909628868103,294936.0
0.8191283941268921,0.686515748500824,295217.0
0.8206014037132263,0.6854708790779114,295497.0
0.8215942978858948,0.687296450138092,295778.0
0.8198934197425842,0.6858869791030884,296058.0
0.820010781288147,0.6866104602813721,296339.0
0.8289507627487183,0.689807653427124,296619.0
0.8501074314117432,0.709570586681366,296939.0
0.8650873303413391,0.718609631061554,297220.0
0.8648124933242798,0.7194176316261292,297500.0
0.8640511631965637,0.7257522344589233,297781.0
0.8707203269004822,0.7331879138946533,298061.0
0.8689420223236084,0.7369921803474426,298342.0
0.8696134686470032,0.7323472499847412,298622.0
0.8653400540351868,0.7278217077255249,298903.0
0.8755056262016296,0.7157917618751526,299183.0
0.8790664672851562,0.6853072643280029,299463.0
0.8746054172515869,0.669130265712738,299744.0
0.875159502029419,0.6521733403205872,300024.0
0.8722379207611084,0.6405841708183289,300305.0
0.8731759786605835,0.6257654428482056,300625.0
0.8761218786239624,0.6104667782783508,300906.0
0.8667477369308472,0.5818861722946167,301186.0
0.8698861598968506,0.570602536201477,301466.0
0.8737788200378418,0.5584609508514404,301747.0
0.8672197461128235,0.5245064347982407,302027.0
0.8731374740600586,0.5103320479393005,302308.0
0.8690048456192017,0.47440826892852783,302588.0
0.8635237812995911,0.44628383219242096,302869.0
0.8559668660163879,0.4067046046257019,303149.0
0.8488747477531433,0.3888903260231018,303430.0
0.840177059173584,0.3633790612220764,303710.0
0.8136004209518433,0.3350570499897003,303990.0
0.7767220139503479,0.3058553636074066,304431.0
0.7283522486686707,0.2954323887825012,304952.0
0.6790691614151001,0.2951613739132881,305513.0
0.6286233067512512,0.32291895151138306,306194.0
0.613265872001648,0.33932915329933167,306474.0
0.6027310490608215,0.3525673449039459,306755.0
0.5831027030944824,0.3655691146850586,307155.0
0.5968693494796753,0.42421284317970276,307916.0
0.6105296015739441,0.44516706466674805,308197.0
0.641111433506012,0.4827926903963089,308557.0
0.6739930510520935,0.5110087543725967,308838.0
0.695679247379303,0.5477473586797714,309118.0
0.7264419794082642,0.579994261264801,309399.0
0.7526447772979736,0.6311318874359131,309920.0
0.7738301753997803,0.664752185344696,310200.0
0.8377700448036194,0.6888363361358643,310961.0
0.8426936864852905,0.673549473285675,312083.0
0.8554145097732544,0.6575535535812378,312403.0
0.8517804145812988,0.6400405764579773,312684.0
0.8553560376167297,0.6409478187561035,312964.0
0.8513745665550232,0.6412977576255798,313245.0
0.8578745126724243,0.6325486302375793,313525.0
0.8755995631217957,0.6229267120361328,313806.0
0.8747710585594177,0.5809248685836792,314086.0
0.8839870095252991,0.531021773815155,314366.0
0.8867120742797852,0.48202742636203766,314647.0
0.9050636887550354,0.40832629799842834,315047.0
0.9156979322433472,0.35390546917915344,315328.0
0.9356327652931213,0.32248571515083313,315608.0
0.9322183728218079,0.251021146774292,316690.0
0.9191286563873291,0.24013133347034454,316970.0
0.9150789976119995,0.21454060077667236,317291.0
0.9039673209190369,0.1719825565814972,317772.0
0.9069991111755371,0.17738326266407967,318052.0
0.878510057926178,0.14719249308109283,319454.0
0.8776249289512634,0.15320202708244324,319735.0
0.8779805302619934,0.14680517837405205,320015.0
0.8917219638824463,0.16090668737888336,325504.0
0.8919991254806519,0.17954301834106445,325864.0
0.871116578578949,0.21431836485862732,326145.0
0.85478276014328,0.2328667789697647,326425.0
0.8290752172470093,0.2384103164076805,326706.0
0.7817153930664062,0.2638605237007141,327066.0
0.7453341484069824,0.2913709357380867,327347.0
0.6455212235450745,0.324602335691452,327627.0
0.5611911416053772,0.373781681060791,328028.0
0.48277372121810913,0.435336709022522,328388.0
0.42758485674858093,0.46935513615608215,328669.0
0.3917997181415558,0.5019485354423523,328949.0
0.3597142696380615,0.526642382144928,329229.0
0.3125343918800354,0.5698989629745483,329670.0
0.28433433175086975,0.5995667576789856,329951.0
0.2806815505027771,0.6179571747779846,330231.0
0.2778988778591156,0.6289457678794861,330551.0
0.27387547492980957,0.646020233631134,330832.0
0.2775661051273346,0.6528123021125793,331112.0
0.28634756803512573,0.6543901562690735,331393.0
0.30412667989730835,0.6585063934326172,331673.0
0.3078998327255249,0.6611427664756775,331954.0
0.3091738820075989,0.655908465385437,332234.0
0.3116033375263214,0.6586575508117676,332515.0
0.29628419876098633,0.6633405685424805,333115.0
0.3040509521961212,0.6265365481376648,334437.0
0.3553088903427124,0.6229559779167175,335840.0
0.3675779104232788,0.6005116701126099,336120.0
0.3762171268463135,0.5604099631309509,337162.0
0.3792184591293335,0.5556111931800842,337442.0
0.39182421565055847,0.5549665689468384,337723.0
0.40817949175834656,0.5498948693275452,338003.0
0.41212886571884155,0.5518558621406555,338283.0
0.44905951619148254,0.5885722637176514,339005.0
0.45689645409584045,0.6185724139213562,339285.0
0.4405251741409302,0.6925579905509949,340607.0
0.4316684901714325,0.6877094507217407,340887.0
0.3801746964454651,0.6866673231124878,342851.0
0.37375780940055847,0.6908544301986694,343331.0
0.3321022093296051,0.6879430413246155,346216.0
0.32592207193374634,0.6894287467002869,346496.0
0.32493525743484497,0.695431113243103,346777.0
0.321809858083725,0.6907400488853455,347097.0
0.24510099738836288,0.6281124353408813,359276.0
0.28529149293899536,0.6238560676574707,359717.0
0.3481541574001312,0.6185097694396973,360157.0
0.4024646282196045,0.624153196811676,360678.0
0.6573392748832703,0.6404703855514526,364123.0
0.6628242135047913,0.6386684775352478,364404.0
0.6587044596672058,0.6446205377578735,364684.0
0.6665489673614502,0.6482765078544617,364965.0
0.676361620426178,0.6652976274490356,365245.0
0.7211706042289734,0.6707574725151062,366006.0
0.7253890037536621,0.6542138457298279,366287.0
0.7336536645889282,0.6374399065971375,366607.0
0.7752352356910706,0.6418798565864563,368771.0
0.7767425179481506,0.6601805090904236,369051.0
0.7824141383171082,0.674848735332489,369331.0
0.8145522475242615,0.687484860420227,369932.0
0.8228018283843994,0.6946706175804138,370213.0
0.8329410552978516,0.6974430084228516,370493.0
0.8382425308227539,0.6959671974182129,370774.0
0.8406538963317871,0.6934253573417664,371054.0
0.8411005139350891,0.6941194534301758,371335.0
0.8405894637107849,0.693166196346283,371615.0
0.8405320644378662,0.6939247846603394,371895.0
0.8417253494262695,0.7036915421485901,372176.0
0.8423125147819519,0.7100817561149597,372456.0
0.8388944864273071,0.7101853489875793,372777.0
0.8403738141059875,0.713582456111908,373097.0
0.8412578105926514,0.7284073233604431,377865.0
0.8394559621810913,0.7264445424079895,378145.0
0.8415188789367676,0.7147293090820312,378586.0
0.8352332711219788,0.7155109643936157,378866.0
0.8326960802078247,0.7193211913108826,379147.0
0.8301543593406677,0.7263527512550354,379427.0
0.835375189781189,0.7260316014289856,379708.0
0.8313643932342529,0.7311022281646729,380028.0
0.8256761431694031,0.7181193232536316,381230.0
0.8328990936279297,0.7128232717514038,381510.0
0.8148008584976196,0.7185031771659851,381831.0
0.8206063508987427,0.7183841466903687,382151.0
0.8236189484596252,0.7109727263450623,383433.0
0.8256770968437195,0.7085107564926147,383714.0
0.8254159092903137,0.7021803259849548,383994.0
0.8251001834869385,0.693660318851471,384275.0
0.8261772990226746,0.6825163960456848,384555.0
0.8319668173789978,0.6760823130607605,385396.0
0.8283373713493347,0.6705814003944397,385677.0
0.8258169293403625,0.6541396975517273,385957.0
0.826191246509552,0.6374225616455078,386238.0
0.8186357021331787,0.6215059757232666,386718.0
0.8144273161888123,0.6016322374343872,387039.0
0.8124321699142456,0.5803658962249756,387319.0
0.8130844831466675,0.5653201341629028,387680.0
0.8111307621002197,0.5399855226278305,388000.0
0.7045745849609375,0.3747093975543976,392968.0
0.6483369469642639,0.4326040744781494,393569.0
0.3487979471683502,0.47651608288288116,398416.0
0.3621475100517273,0.49366484582424164,398697.0
0.45652690529823303,0.528501495718956,400980.0
0.4616703987121582,0.5606486201286316,401261.0
0.464039146900177,0.598663866519928,401541.0
0.43765637278556824,0.6876422166824341,402703.0
0.4186602234840393,0.6930219531059265,404065.0
0.38086679577827454,0.6954562664031982,405908.0
0.3276984393596649,0.696936309337616,410555.0
0.3264271914958954,0.6936332583427429,410876.0
0.3257545828819275,0.6925762295722961,411156.0
0.32508933544158936,0.6911563277244568,411437.0
0.3245115280151367,0.6933141350746155,411717.0
0.3234613537788391,0.6941514015197754,412078.0
0.3147234618663788,0.6891976594924927,413520.0
0.2945671081542969,0.6856107711791992,414762.0
0.2723289132118225,0.6759072542190552,416404.0
0.2724844589829445,0.6748627424240112,416765.0
0.28346776962280273,0.6720711588859558,417206.0
0.2657342851161957,0.6735072731971741,418407.0
0.26857978105545044,0.6475470662117004,418728.0
0.25942548364400864,0.6559929847717285,419048.0
0.38179832696914673,0.4334186911582947,427702.0
0.39474621415138245,0.4353698194026947,428022.0
0.6683077812194824,0.29489561170339584,446731.0
0.7236210107803345,0.33692285418510437,447573.0
0.750199019908905,0.43639808893203735,448374.0
0.7686322927474976,0.4770042300224304,448694.0
0.7737395167350769,0.5131459832191467,448975.0
0.7825819253921509,0.5482847541570663,449255.0
0.8044162392616272,0.6172247529029846,449936.0
0.813697338104248,0.6443130970001221,450257.0
0.8281136155128479,0.6652137637138367,450537.0
0.8335567116737366,0.6766293048858643,451739.0
0.8401995897293091,0.644946277141571,452019.0
0.8504311442375183,0.6345057487487793,452300.0
0.8560242652893066,0.6230107545852661,452580.0
0.8520635962486267,0.6019757390022278,452861.0
0.8534939885139465,0.5907254815101624,453141.0
0.8598716855049133,0.5837615728378296,453422.0
0.8679394721984863,0.5854389667510986,453702.0
0.8769673705101013,0.5937299728393555,453982.0
0.8886619806289673,0.6096158027648926,454383.0
0.8797043561935425,0.635566771030426,455184.0
0.871412992477417,0.6543982625007629,455465.0
0.8591365814208984,0.6709949374198914,455745.0
0.8397729992866516,0.6853013634681702,456226.0
0.8145877718925476,0.6894046664237976,456506.0
0.7877939343452454,0.687617301940918,456787.0
0.7629531025886536,0.6979721188545227,457067.0
0.7204936742782593,0.6994090676307678,457348.0
0.7066516876220703,0.7349779009819031,457708.0
0.6486776471138,0.7150615453720093,457989.0
0.62873774766922,0.7219149470329285,458750.0
0.6291401386260986,0.714576005935669,459150.0
0.6284818649291992,0.7187321186065674,459431.0
0.6306648254394531,0.7143398523330688,459711.0
0.6295034289360046,0.7174208164215088,459992.0
0.6296951174736023,0.7218659520149231,460312.0
0.6317042708396912,0.7167280316352844,460633.0
0.6331223249435425,0.7132735848426819,460913.0
0.6277895569801331,0.719795286655426,461274.0
0.632416307926178,0.7119519710540771,461554.0
0.630584716796875,0.709136962890625,461835.0
0.6306939125061035,0.7103428244590759,462115.0
0.6281099319458008,0.7024284601211548,462395.0
0.6251733303070068,0.7001377940177917,462676.0
0.62467360496521,0.7002435326576233,462956.0
0.6180232167243958,0.6946319341659546,463237.0
0.6240463256835938,0.6897537708282471,463517.0
0.6176034808158875,0.6907408833503723,463798.0
0.6174902319908142,0.6955704092979431,464158.0
0.6212247014045715,0.7017089128494263,464439.0
0.6150633096694946,0.7052642107009888,464759.0
0.6137442588806152,0.7080928683280945,465040.0
0.6221374869346619,0.7147548794746399,465360.0
0.6203889846801758,0.7091435790061951,465641.0
0.6244131326675415,0.7056593298912048,465921.0
0.6350187659263611,0.7143661975860596,467363.0
0.6466389894485474,0.6995863914489746,467644.0
0.6584768891334534,0.6947289109230042,468044.0
0.664910078048706,0.6968328952789307,468325.0
0.6706307530403137,0.6991972327232361,468605.0
0.6709960103034973,0.6998239755630493,468886.0
0.6687180399894714,0.6947559118270874,469166.0
0.67024165391922,0.6942879557609558,469486.0
0.6740257740020752,0.6948593258857727,469767.0
0.6746161580085754,0.6966233849525452,470047.0
0.6748934984207153,0.6965285539627075,470328.0
0.6727908253669739,0.6936291456222534,470728.0
0.7218892574310303,0.706723690032959,473733.0
0.7242757081985474,0.7108425498008728,474013.0
0.7229699492454529,0.7086983919143677,474294.0
0.7196881175041199,0.7115524411201477,474574.0
0.754757821559906,0.7197085618972778,474975.0
0.7622607350349426,0.7169228792190552,475255.0
0.7745083570480347,0.7151386737823486,475536.0
0.7912074327468872,0.7153177261352539,475816.0
0.8060765266418457,0.723835825920105,476097.0
0.8099451065063477,0.7218977808952332,476377.0
0.8199202418327332,0.7272130250930786,476658.0
0.8133156895637512,0.7218626141548157,476938.0
0.8182795643806458,0.7264835834503174,477218.0
0.8133211731910706,0.72236168384552,477499.0
0.8152481317520142,0.7234601974487305,477779.0
0.8022729158401489,0.7228344678878784,478060.0
0.79902184009552,0.7245859503746033,478340.0
0.7908613681793213,0.7197825312614441,478621.0
0.786873996257782,0.7162957787513733,478901.0
0.7857952117919922,0.7149584293365479,479181.0
0.7799885272979736,0.7143652439117432,479462.0
0.781333863735199,0.715370237827301,479742.0
0.7897924184799194,0.7174692153930664,480023.0
0.7915382981300354,0.7164899706840515,480303.0
0.801927924156189,0.7185395359992981,480584.0
0.8038613796234131,0.7125504016876221,480864.0
0.8123619556427002,0.7158129811286926,481145.0
0.8169544339179993,0.715765118598938,481425.0
0.8186678290367126,0.708785355091095,481705.0
0.8209863901138306,0.7174710035324097,481986.0
0.8206746578216553,0.7165070176124573,482266.0
0.8163660168647766,0.7170838117599487,482547.0
0.8125296235084534,0.7150343656539917,482827.0
0.7995004653930664,0.7199746370315552,483148.0
0.7945188283920288,0.7198991179466248,483428.0
0.7926933169364929,0.7141820788383484,483829.0
0.7836481928825378,0.7010407447814941,484109.0
0.7781530618667603,0.7028151154518127,484390.0
0.7760294079780579,0.7044426798820496,484670.0
0.7736063599586487,0.7070955038070679,484950.0
0.7579928040504456,0.7058214545249939,485231.0
0.74542236328125,0.6997445821762085,485511.0
0.7344734072685242,0.7039065361022949,485792.0
0.7255899906158447,0.6997324228286743,486072.0
0.7250220775604248,0.7030117511749268,486353.0
0.7277189493179321,0.7030607461929321,486633.0
0.725862443447113,0.7073138952255249,486913.0
0.7274833917617798,0.7110538482666016,487194.0
0.7243440747261047,0.7112826108932495,487474.0
0.7240023612976074,0.7124309539794922,487755.0
0.7188629508018494,0.711118757724762,488035.0
0.7164226770401001,0.7099500298500061,488316.0
0.7210897207260132,0.7090617418289185,488596.0
0.7211626768112183,0.7053919434547424,488876.0
0.717383861541748,0.7087305784225464,489157.0
0.7147481441497803,0.7080226540565491,489437.0
0.7126471400260925,0.7032694816589355,489718.0
0.7123504281044006,0.7027289271354675,489998.0
0.7028225064277649,0.7116956114768982,490279.0
0.7025610208511353,0.7129016518592834,490559.0
0.7031010985374451,0.7102499604225159,490840.0
0.6984725594520569,0.7013592720031738,491120.0
0.7035956382751465,0.6988599896430969,491400.0
0.7090344429016113,0.6977709531784058,491681.0
0.7089214324951172,0.6965171694755554,491961.0
0.7061407566070557,0.6972649097442627,492242.0
0.7149890661239624,0.6989120244979858,492522.0
0.7103018760681152,0.6988540291786194,492803.0
0.7168931365013123,0.6980054378509521,493083.0
0.7086867094039917,0.6989234089851379,493363.0
0.7101467251777649,0.695608913898468,493644.0
0.7120397686958313,0.6981958150863647,493924.0
0.7095893025398254,0.6923278570175171,494205.0
0.7118595838546753,0.6974106431007385,494485.0
0.7064002156257629,0.6933436393737793,494766.0
0.7110249996185303,0.6967660784721375,495046.0
0.7071600556373596,0.694086492061615,495326.0
0.7123011350631714,0.6926900148391724,495607.0
0.7099353671073914,0.6973003149032593,495887.0
0.7093621492385864,0.693122386932373,496168.0
0.7119537591934204,0.6911660432815552,496448.0
0.7135507464408875,0.6921898722648621,496729.0
0.7132851481437683,0.6878218054771423,497009.0
0.7133228778839111,0.6856896281242371,497289.0
0.7118777632713318,0.6882849931716919,497570.0
0.714097261428833,0.6872654557228088,497850.0
0.7238376140594482,0.6883373856544495,498131.0
0.7219179272651672,0.6994453072547913,498411.0
0.7216155529022217,0.6968646049499512,498692.0
0.760482668876648,0.6906752586364746,499293.0
0.7608815431594849,0.6960484981536865,499573.0
0.7721866369247437,0.702247142791748,499853.0
0.8002980947494507,0.7161349058151245,500254.0
0.8102261424064636,0.7183119654655457,500535.0
0.8221527338027954,0.7285178899765015,500815.0
0.8338419198989868,0.7293813824653625,501095.0
0.8341690897941589,0.7269770503044128,501376.0
0.8410414457321167,0.7295920252799988,501656.0
0.8460333347320557,0.7312145233154297,502097.0
0.8531096577644348,0.7291935086250305,502377.0
0.8563587665557861,0.7278704047203064,502658.0
0.855918288230896,0.7276341319084167,502938.0
0.8568384051322937,0.7279670834541321,503219.0
0.8576273918151855,0.7284330129623413,503499.0
0.8580934405326843,0.7280755043029785,503780.0
0.8636902570724487,0.7247921228408813,504060.0
0.8655859231948853,0.7257623672485352,504340.0
0.8661222457885742,0.727552592754364,504621.0
0.8608108758926392,0.7256027460098267,504901.0
0.8538305759429932,0.7247340083122253,505182.0
0.8429843187332153,0.7092490196228027,505622.0
0.8240271806716919,0.7032038569450378,505903.0
0.8020264506340027,0.6962886452674866,506183.0
0.775813102722168,0.6834174990653992,506464.0
0.7326638102531433,0.6596730351448059,506784.0
0.6629105806350708,0.6170548796653748,507225.0
0.6228706240653992,0.6026059985160828,507505.0
0.44694940745830536,0.5805151462554932,508787.0
0.411819189786911,0.5684527158737183,509068.0
0.3652375340461731,0.5710908770561218,509468.0
0.33546119928359985,0.572340726852417,509749.0
0.3011600375175476,0.5749222040176392,510069.0
0.26050034165382385,0.5702540278434753,510710.0
0.2442866414785385,0.5685622692108154,510991.0
0.23196230828762054,0.5564577579498291,511752.0
0.24367697536945343,0.6065770387649536,513154.0
0.23549988865852356,0.6132802367210388,513475.0
0.2495402842760086,0.6319736838340759,515638.0
0.25290411710739136,0.6405245661735535,515918.0
0.2762853503227234,0.6080064177513123,517320.0
0.2855866849422455,0.59165358543396,517601.0
0.3016138970851898,0.5806073546409607,517881.0
0.3092016577720642,0.5712330937385559,518162.0
0.36649686098098755,0.3522386848926544,520726.0
0.07673368602991104,0.5876045823097229,550812.0
0.08523107320070267,0.6188802719116211,551093.0
0.12436947599053383,0.6519416570663452,551694.0
0.13582127168774605,0.6628657579421997,551974.0
0.18983645737171173,0.6685905456542969,552255.0
0.23679324984550476,0.670747697353363,552535.0
0.2829843983054161,0.6611021757125854,552815.0
0.34644824266433716,0.6540579199790955,553096.0
0.4127798080444336,0.6449753046035767,553376.0
0.457711324095726,0.6240354180335999,553657.0
0.5142703056335449,0.5995863080024719,553937.0
0.546724796295166,0.5829936265945435,554218.0
0.6188152432441711,0.5774292349815369,555700.0
0.6158355474472046,0.5955632925033569,555980.0
0.6923580765724182,0.5930444002151489,558745.0
0.6979700922966003,0.5873685479164124,559025.0
0.7065913677215576,0.587445855140686,559305.0
0.7342668771743774,0.587645411491394,559866.0
0.746570885181427,0.6119098663330078,560347.0
0.759976327419281,0.6304945349693298,560868.0
0.7675654292106628,0.6551899909973145,561148.0
0.7804754972457886,0.6785881519317627,561429.0
0.7841095328330994,0.687288761138916,561709.0
0.7894850969314575,0.6962047815322876,562871.0
0.78960782289505,0.6938180327415466,563151.0
0.7851672172546387,0.6936581134796143,563432.0
0.7829393744468689,0.6861057281494141,563712.0
0.7763603329658508,0.6910551190376282,563993.0
0.7556723356246948,0.6954941153526306,564273.0
0.7454452514648438,0.6989841461181641,564554.0
0.7383094429969788,0.6958587169647217,564954.0
0.7238408327102661,0.6905163526535034,565235.0
0.7234033346176147,0.6734663248062134,565515.0
0.7233343720436096,0.6463207602500916,565795.0
0.7082595229148865,0.6330443024635315,566076.0
0.6663158535957336,0.6372214555740356,567358.0
0.653189480304718,0.6467662453651428,567638.0
0.49069443345069885,0.5037951916456223,570162.0
0.3541771471500397,0.48196080327033997,571564.0
0.3115040957927704,0.5110775232315063,571965.0
0.29352304339408875,0.52871173620224,572245.0
0.26291655749082565,0.6426650881767273,573327.0
0.2641650438308716,0.6505917906761169,573688.0
0.26171666383743286,0.6521391868591309,574249.0
0.26164475828409195,0.6224207282066345,574529.0
0.2568090558052063,0.5869718790054321,574809.0
0.2435203120112419,0.5661383867263794,575170.0
0.45257386565208435,0.5334509611129761,596002.0
0.4544140696525574,0.5389720797538757,596283.0
0.4965154677629471,0.5489367842674255,596844.0
0.5180215239524841,0.5545178055763245,597124.0
0.5488349795341492,0.5660316944122314,597485.0
0.5590112805366516,0.5747867226600647,597765.0
0.5913978219032288,0.585808277130127,598206.0
0.6066539883613586,0.5964434742927551,598486.0
0.6243743896484375,0.5995509028434753,598767.0
0.646068274974823,0.6120423078536987,599087.0
0.666337788105011,0.6212490200996399,599367.0
0.6782703399658203,0.6268299221992493,599648.0
0.6980326771736145,0.6304755806922913,600008.0
0.7199115753173828,0.6300641298294067,600529.0
0.7463493347167969,0.6380085349082947,600930.0
0.7547905445098877,0.6419355273246765,601210.0
0.7619890570640564,0.6460064053535461,601491.0
0.7715070247650146,0.6564359664916992,601771.0
0.7944256663322449,0.6638026833534241,602052.0
0.7939773201942444,0.6611490249633789,603053.0
0.7799884080886841,0.6660171151161194,603334.0
0.7547256946563721,0.6743767857551575,603614.0
0.7369086742401123,0.674557089805603,603894.0
0.7184762954711914,0.6743688583374023,604175.0
0.676518440246582,0.676086962223053,604535.0
0.6261050701141357,0.6690540313720703,604856.0
0.5706217288970947,0.6668425798416138,605216.0
0.5130714178085327,0.6777949929237366,605577.0
0.47345687448978424,0.6927146911621094,605857.0
0.4107918441295624,0.7022351026535034,606218.0
0.3674277067184448,0.6962267160415649,606579.0
0.33005043864250183,0.6954423189163208,606859.0
0.2806020975112915,0.6777705550193787,607260.0
0.2519615590572357,0.6567949056625366,607540.0
0.23278573155403137,0.6476107835769653,607821.0
0.19315825402736664,0.5676100254058838,609223.0
0.19957779347896576,0.5617307424545288,609503.0
0.20509445667266846,0.5520001649856567,609784.0
0.22061176598072052,0.5447542667388916,610184.0
0.23302111774683,0.5451443195343018,610465.0
0.2363097295165062,0.5408760905265808,610745.0
0.2405579835176468,0.5445180535316467,611025.0
0.24382305145263672,0.5419138222932816,611306.0
0.2502085044980049,0.5314831584692001,611586.0
0.28849855065345764,0.5129710882902145,612227.0
0.3453221619129181,0.458360031247139,612868.0
0.390847772359848,0.3990268409252167,613790.0
0.4033990502357483,0.37712493538856506,614070.0
0.40710586309432983,0.3762446939945221,614351.0
0.4167468845844269,0.3664492070674896,614631.0
0.4216359555721283,0.34618157148361206,615032.0
0.43977126479148865,0.32301589846611023,615352.0
0.4506777226924896,0.31159451603889465,615633.0
0.46467094123363495,0.29268913716077805,617195.0
0.4670288413763046,0.29268530011177063,617756.0
0.46869605779647827,0.2951773628592491,620320.0
0.4684508144855499,0.2927343174815178,620961.0
0.4675096124410629,0.29359835386276245,621241.0
0.46964070200920105,0.29275962710380554,621522.0
0.468800887465477,0.29206323623657227,621802.0
0.4676371365785599,0.29437506943941116,622083.0
0.46801041066646576,0.2920767366886139,622363.0
0.4674236625432968,0.292593389749527,622643.0
0.46795666217803955,0.2929919734597206,622924.0
0.4702916592359543,0.2944415807723999,623204.0
0.4713348001241684,0.29469776898622513,623485.0
0.47002100944519043,0.2971629723906517,623765.0
0.4682304859161377,0.2980165407061577,624046.0
0.47020605206489563,0.29878467321395874,624326.0
0.47147025167942047,0.2960982844233513,624606.0
0.46821337938308716,0.29034484177827835,626810.0
0.46740829944610596,0.2885653078556061,627491.0
0.46439628303050995,0.28943946957588196,627771.0
0.47174209356307983,0.2859495207667351,628092.0
0.4735492616891861,0.277935229241848,628372.0
0.5000322461128235,0.25111931562423706,629855.0
0.5027143508195877,0.25230295211076736,630135.0
0.5016255229711533,0.2502366974949837,630415.0
0.5098658055067062,0.24365387856960297,630696.0
0.5227629691362381,0.23268215358257294,630976.0
0.5230903476476669,0.2240968644618988,631257.0
0.5250502079725266,0.22227707505226135,631537.0
0.5267623513936996,0.22071059048175812,643836.0
0.5274836272001266,0.2207384705543518,644117.0
0.5258626937866211,0.2255120947957039,644718.0
0.5294445753097534,0.2232956811785698,644998.0
0.5266652554273605,0.22788742184638977,645399.0
0.549095094203949,0.2629586458206177,646761.0
0.5564361810684204,0.27942022681236267,647041.0
0.5668587684631348,0.29416681081056595,647322.0
0.5732446312904358,0.29986783117055893,647602.0
0.6050330996513367,0.3153085708618164,648203.0
0.6116688251495361,0.3270181715488434,648483.0
0.6251994967460632,0.3419387936592102,648764.0
0.6458237171173096,0.36920565366744995,649405.0
0.6599283814430237,0.3815755248069763,649685.0
0.6772434711456299,0.4021782875061035,649966.0
0.7007531523704529,0.4224771559238434,650487.0
0.7090822458267212,0.4375108778476715,650767.0
0.7265515923500061,0.4622838497161865,651047.0
0.7290510535240173,0.4722067415714264,651328.0
0.7437575459480286,0.4812716394662857,651728.0
0.7576347589492798,0.4839201122522354,652009.0
0.7624872922897339,0.48423248529434204,652289.0
0.7688035368919373,0.49293313920497894,652570.0
0.7706469893455505,0.4977787286043167,652850.0
0.7714859843254089,0.500845417380333,653131.0
0.7729672193527222,0.5002070069313049,653411.0
0.772982120513916,0.498971089720726,653691.0
0.7734642028808594,0.5005722641944885,653972.0
0.7751407623291016,0.49878934025764465,654252.0
0.7752951979637146,0.49903129041194916,654533.0
0.7710136771202087,0.5003868192434311,654813.0
0.765676736831665,0.5037619471549988,655094.0
0.7669698596000671,0.5070019513368607,655374.0
0.7622791528701782,0.5073945969343185,655655.0
0.7583065032958984,0.5029988884925842,655935.0
0.7519071698188782,0.48385536670684814,656215.0
0.7527751326560974,0.47320255637168884,656496.0
0.7474216818809509,0.4527065008878708,656776.0
0.7468637824058533,0.42969799041748047,657057.0
0.7471178770065308,0.40027597546577454,657417.0
0.7417892217636108,0.38562071323394775,657698.0
0.7347357869148254,0.3882237672805786,658098.0
0.715764045715332,0.4071102738380432,658379.0
0.6990832686424255,0.42083272337913513,658659.0
0.6796665787696838,0.4351644515991211,658980.0
0.6436461806297302,0.45693591237068176,659260.0
0.6186273097991943,0.46696676313877106,659541.0
0.5814235806465149,0.48172202706336975,659821.0
0.5597775727510452,0.49311499297618866,660101.0
0.5245193839073181,0.5144574493169785,660382.0
0.5108929872512817,0.5259613394737244,660662.0
0.4908648133277893,0.5349721759557724,660943.0
0.4667891263961792,0.5399132370948792,661223.0
0.4597140997648239,0.5530886799097061,661504.0
0.44412052631378174,0.5593919157981873,661784.0
0.4461825042963028,0.5665295720100403,662064.0
0.41743481159210205,0.5815428495407104,663066.0
0.4101192057132721,0.5859654545783997,663346.0
0.41712066531181335,0.5869427919387817,663627.0
0.41670486330986023,0.5840845704078674,663907.0
0.4158269464969635,0.5861433744430542,664188.0
0.4144696891307831,0.5845717787742615,664468.0
0.41509100794792175,0.5871378183364868,664749.0
0.41699424386024475,0.5879958271980286,665029.0
0.4148869812488556,0.5849547386169434,665309.0
0.41394075751304626,0.5851219892501831,665590.0
0.41424575448036194,0.5828448534011841,665870.0
0.41468310356140137,0.5844725370407104,666151.0
0.41500601172447205,0.5861086845397949,666431.0
0.4158000349998474,0.5851478576660156,666712.0
0.41412386298179626,0.5851355195045471,666992.0
0.4160212278366089,0.5835385918617249,667273.0
0.41212791204452515,0.5811237692832947,667553.0
0.41588902473449707,0.5849304795265198,667833.0
0.4124859869480133,0.5822023749351501,668114.0
0.4150843620300293,0.5835500359535217,668394.0
0.41537269949913025,0.5831398367881775,668675.0
0.4144660532474518,0.5854796767234802,668955.0
0.41338226199150085,0.5835307836532593,669236.0
0.41664817929267883,0.5856992602348328,669516.0
0.4165014326572418,0.5836543440818787,669796.0
0.4159967601299286,0.5838978290557861,670077.0
0.4172539710998535,0.5849172472953796,670357.0
0.41530880331993103,0.5848680734634399,670638.0
0.415763258934021,0.584391713142395,670918.0
0.41644468903541565,0.5855464339256287,671199.0
0.417082816362381,0.5865625143051147,671479.0
0.41793176531791687,0.586974561214447,671759.0
0.40854334831237793,0.5717437863349915,672521.0
0.39943262934684753,0.5653713941574097,672801.0
0.3963932394981384,0.5654885172843933,673081.0
0.4047452509403229,0.5591311454772949,673362.0
0.40299445390701294,0.5571328401565552,673642.0
0.4094730615615845,0.5427876710891724,673923.0
0.41519445180892944,0.5343157649040222,674203.0
0.41002145409584045,0.5325276851654053,674484.0
0.4065589904785156,0.5267958641052246,674764.0
0.4078928530216217,0.5252978950738907,675045.0
0.44723494350910187,0.5260718464851379,676126.0
0.46603500843048096,0.5221243649721146,676567.0
0.48408716917037964,0.5081812590360641,676847.0
0.5027910470962524,0.49822254478931427,677128.0
0.514050766825676,0.489040270447731,677408.0
0.5291342735290527,0.4828709363937378,677689.0
0.5339359790086746,0.4795900583267212,677969.0
0.5413656234741211,0.47634658217430115,678249.0
0.5692792534828186,0.4714849442243576,678890.0
0.5708563923835754,0.4671503007411957,679171.0
0.5776935815811157,0.4652874022722244,679451.0
0.5868198275566101,0.4488869309425354,679732.0
0.589760959148407,0.43867790699005127,680012.0
0.5977832674980164,0.4272054433822632,680293.0
0.6102579832077026,0.42515867948532104,680573.0
0.6137200593948364,0.4203394055366516,680974.0
0.6158632040023804,0.41395601630210876,681254.0
0.6172420978546143,0.4134686589241028,681535.0
0.6178660988807678,0.41260284185409546,681815.0
0.6169127821922302,0.41354548931121826,682095.0
0.6185542345046997,0.41029900312423706,682376.0
0.6195988655090332,0.40657204389572144,682656.0
0.6255353689193726,0.39562082290649414,682937.0
0.632680356502533,0.3811902105808258,683217.0
0.6295762658119202,0.3767129182815552,683578.0
0.6293578147888184,0.35851332545280457,684419.0
0.6305975317955017,0.3503989577293396,684699.0
0.638576328754425,0.34231457114219666,684980.0
0.6487811207771301,0.3361786901950836,685260.0
0.6552196145057678,0.3257548213005066,685541.0
0.6561349630355835,0.3145484998822212,685821.0
0.6578994393348694,0.2954213619232178,686102.0
0.6678673624992371,0.28736427426338196,686382.0
0.6749728918075562,0.25572776794433594,687103.0
0.6767367720603943,0.24229257553815842,687464.0
0.6758002638816833,0.2345106601715088,687744.0
0.6898559331893921,0.18722625076770782,689106.0
0.6795982122421265,0.17599131166934967,692191.0
0.7034266591072083,0.2816013693809509,693673.0
0.7170541882514954,0.3186619281768799,694034.0
0.7348568439483643,0.34732332825660706,694314.0
0.7463801503181458,0.3721933960914612,694635.0
0.7510116696357727,0.3942599892616272,694915.0
0.7459959983825684,0.40697693824768066,695196.0
0.7383072972297668,0.4133860766887665,695476.0
0.7191804647445679,0.4233006238937378,695757.0
0.6815104484558105,0.4296954870223999,696037.0
0.6249685287475586,0.43968597054481506,696317.0
0.550946056842804,0.45242905616760254,696598.0
0.4893967807292938,0.4642255902290344,696878.0
0.4232386350631714,0.48067983984947205,697239.0
0.37975892424583435,0.4954836964607239,697519.0
0.3416362702846527,0.5150771588087082,697800.0
0.29277488589286804,0.5311111807823181,698160.0
0.2590521574020386,0.5452299863100052,698521.0
0.23356904834508896,0.5627673268318176,698801.0
0.2070896029472351,0.5676261186599731,699082.0
0.13847607374191284,0.6136890649795532,702607.0
0.16240959987044334,0.5048058032989502,709338.0
0.16553159058094025,0.48883090913295746,709778.0
0.13826839998364449,0.4586840718984604,710980.0
0.1396465189754963,0.44363364577293396,711341.0
0.14168402925133705,0.35284459590911865,713184.0
0.16009192168712616,0.3415675163269043,714425.0
0.15513081848621368,0.48841871321201324,716148.0
0.18375977873802185,0.5545674562454224,716949.0
0.22512488067150116,0.6300516128540039,719473.0
0.23363561928272247,0.6437790989875793,719754.0
0.23635654151439667,0.6468635201454163,720034.0
0.24676962196826935,0.6392241716384888,720315.0
0.2794550061225891,0.6225232481956482,721717.0
0.2846781015396118,0.6185502409934998,722037.0
0.2883797883987427,0.6066908836364746,722358.0
0.3060813546180725,0.5700057148933411,723399.0
0.3128100335597992,0.565249502658844,723680.0
0.31656867265701294,0.5534142255783081,723960.0
0.3157561123371124,0.5351043492555618,724441.0
0.3329479396343231,0.5136862993240356,725242.0
0.3362765312194824,0.5078849643468857,725523.0
0.33540457487106323,0.5071117430925369,725803.0
0.3469140827655792,0.5109698921442032,726084.0
0.35865938663482666,0.5219084024429321,726364.0
0.3611365258693695,0.5341821908950806,726644.0
0.4546661674976349,0.6176210045814514,727646.0
0.6196393966674805,0.646812915802002,728968.0
0.657855749130249,0.6655671000480652,729248.0
0.7214903235435486,0.6872496008872986,729889.0
0.7632955312728882,0.6918560266494751,730170.0
0.7809320092201233,0.7003371119499207,730450.0
0.8153622150421143,0.7054736018180847,730731.0
0.833695113658905,0.7157083749771118,731011.0
0.8377196192741394,0.7228783369064331,731292.0
0.8517839312553406,0.7242879867553711,731572.0
0.8529045581817627,0.713797926902771,731892.0
0.8609110713005066,0.714451253414154,732173.0
0.8631663918495178,0.7074978351593018,732453.0
0.8661775588989258,0.698212742805481,732734.0
0.8788743615150452,0.6895014047622681,733014.0
0.8853630423545837,0.687343180179596,733295.0
0.9108386039733887,0.6876250505447388,734136.0
0.912334144115448,0.6883668899536133,734416.0
0.9135732650756836,0.6894137263298035,734697.0
0.9131032824516296,0.6863789558410645,734977.0
0.912900984287262,0.6876271367073059,735258.0
0.9094688296318054,0.6932721138000488,735538.0
0.9054762125015259,0.6831584572792053,736620.0
0.9032047986984253,0.6818096041679382,737020.0
0.9020916819572449,0.6882557272911072,737541.0
0.8920735716819763,0.6870845556259155,738663.0
0.8853696584701538,0.6875964999198914,738943.0
0.878446638584137,0.6821224689483643,739264.0
0.8634533286094666,0.6839865446090698,739544.0
0.8556321263313293,0.686753511428833,739825.0
0.8376001119613647,0.6883683204650879,740105.0
0.8315915465354919,0.6920444369316101,740386.0
0.7777931094169617,0.6857595443725586,740866.0
0.7098435163497925,0.680465042591095,741387.0
0.6221633553504944,0.6742108464241028,741828.0
0.5912425518035889,0.6735461950302124,742108.0
0.5943073034286499,0.6863861680030823,742429.0
0.5920757055282593,0.6930285692214966,742709.0
0.5860446095466614,0.7123851776123047,743150.0
0.5868297219276428,0.6958504915237427,744632.0
0.5854621529579163,0.6965592503547668,744913.0
0.5868973731994629,0.6992871761322021,745193.0
0.5869441032409668,0.700997531414032,745474.0
0.59043949842453,0.7000648975372314,745754.0
0.5890054106712341,0.7024298310279846,746034.0
0.5920798182487488,0.6979390978813171,746315.0
0.5918567776679993,0.6959154605865479,746595.0
0.5917765498161316,0.6945608258247375,746876.0
0.591874897480011,0.6957338452339172,747156.0
0.590674638748169,0.6980448961257935,747437.0
0.5957229733467102,0.6945257782936096,747717.0
0.5922145843505859,0.6945533156394958,747997.0
0.5973805785179138,0.694875955581665,748278.0
0.5978052020072937,0.6983538866043091,748558.0
0.6016820669174194,0.7057551741600037,748839.0
0.6025761961936951,0.7069220542907715,749119.0
0.6058087348937988,0.7111198306083679,749400.0
0.6118450164794922,0.7098199129104614,749680.0
0.611602246761322,0.705846905708313,749960.0
0.6119667291641235,0.70569908618927,750241.0
0.6120083928108215,0.7026813626289368,750521.0
0.6117185950279236,0.7018370032310486,750802.0
0.6106732487678528,0.6989136934280396,751082.0
0.6106066703796387,0.6967067122459412,751363.0
0.6123327612876892,0.6984367370605469,751643.0
0.6109300255775452,0.6950987577438354,751923.0
0.6136232018470764,0.6937100887298584,752204.0
0.6138042211532593,0.6936546564102173,752484.0
0.6132649183273315,0.6943621039390564,752765.0
0.6177366971969604,0.6938788294792175,753045.0
0.6208118796348572,0.689235508441925,753326.0
0.6176131963729858,0.6914624571800232,753606.0
0.6210259795188904,0.69146728515625,753887.0
0.6213173866271973,0.6915438771247864,754167.0
0.6196509599685669,0.6916993856430054,754447.0
0.6199883222579956,0.692510187625885,754728.0
0.6250684261322021,0.7008374333381653,755008.0
0.6280550956726074,0.7047180533409119,755289.0
0.625969648361206,0.7074961066246033,755569.0
0.6270108222961426,0.7103537917137146,755890.0
0.6489355564117432,0.7046418786048889,756330.0
0.6578285694122314,0.6981787085533142,756611.0
0.668036699295044,0.6923575401306152,756891.0
0.6881179213523865,0.6898732781410217,761178.0
0.6891491413116455,0.689652681350708,761458.0
0.6888894438743591,0.6938320398330688,761739.0
0.7009893655776978,0.6758387684822083,763982.0
0.7096551656723022,0.6834662556648254,764503.0
0.7054319381713867,0.6807694435119629,764823.0
0.7028014659881592,0.6868324279785156,765104.0
0.7078595757484436,0.6880491375923157,765384.0
0.7079904079437256,0.6883463859558105,765665.0
0.7110754251480103,0.6874788999557495,765945.0
0.7195194363594055,0.6969969868659973,766226.0
0.721417248249054,0.6995914578437805,766506.0
0.7553199529647827,0.6988722681999207,766907.0
0.7621642351150513,0.704118549823761,767187.0
0.7758116722106934,0.7016932964324951,767468.0
0.8010309934616089,0.7051451206207275,767748.0
0.8237417936325073,0.7075511813163757,768028.0
0.839214563369751,0.7081011533737183,768309.0
0.8515627384185791,0.7080478668212891,768589.0
0.8518185615539551,0.7056147456169128,768870.0
0.8644352555274963,0.6929340362548828,769150.0
0.8699480295181274,0.6843405961990356,769431.0
0.868445873260498,0.6810441613197327,769711.0
0.8706820011138916,0.6844335198402405,769991.0
0.8775855898857117,0.6948196291923523,770272.0
0.8762537240982056,0.6978606581687927,770552.0
0.8809158205986023,0.7042805552482605,770833.0
0.898612916469574,0.7111572623252869,771313.0
0.9049099683761597,0.6941729784011841,773036.0
0.9064100384712219,0.6949450373649597,773317.0
0.9072574377059937,0.6918037533760071,773637.0
0.9076541066169739,0.695697009563446,773918.0
0.9088807702064514,0.692238986492157,774198.0
0.9098110198974609,0.6931707262992859,774478.0
0.9088230729103088,0.6906781792640686,774759.0
0.9088563323020935,0.697070837020874,775039.0
0.909472644329071,0.699532151222229,775320.0
0.9064762592315674,0.705999493598938,775600.0
0.9069469571113586,0.7065287828445435,775881.0
0.9001331925392151,0.6717511415481567,776321.0
0.9073473215103149,0.6291121244430542,776602.0
0.9191496968269348,0.580361545085907,776882.0
0.9100965261459351,0.5164101719856262,777203.0
0.9236901998519897,0.46895813941955566,777523.0
0.9327190518379211,0.18553683161735535,781810.0
0.9206786751747131,0.1646815985441208,783572.0
0.9336574077606201,0.18502607941627502,783853.0
0.9281760454177856,0.3337986171245575,785055.0
0.9188078045845032,0.3569704294204712,785335.0
0.885892927646637,0.4046790301799774,785776.0
0.8544187545776367,0.447082057595253,786056.0
0.825007438659668,0.4767681211233139,786337.0
0.7794434428215027,0.5088799744844437,786617.0
0.7380211353302002,0.5327710509300232,786898.0
0.697937548160553,0.5492921471595764,787178.0
0.7190917134284973,0.5622249841690063,787458.0
0.6596203446388245,0.5684642791748047,787739.0
0.6169212460517883,0.6038196682929993,788140.0
0.5667159706354141,0.6074993014335632,788500.0
0.5047792196273804,0.6442811489105225,788941.0
0.44222790002822876,0.7135068774223328,789341.0
0.3625946640968323,0.6977160573005676,790263.0
0.3324405550956726,0.7050585746765137,790543.0
0.311504065990448,0.6947059035301208,790824.0
0.30223557353019714,0.694557249546051,791104.0
0.29430320858955383,0.6892234086990356,791385.0
0.2503132224082947,0.6970795392990112,791905.0
0.23548298329114914,0.6747073531150818,793067.0
0.27886801213026047,0.6651912331581116,793348.0
0.34363609552383423,0.6580057144165039,793828.0
0.3974470794200897,0.6612100005149841,794229.0
0.45826688408851624,0.6838600039482117,794790.0
0.4962147921323776,0.7005303502082825,795070.0
0.5130893439054489,0.700522780418396,795351.0
0.5455676317214966,0.7157675623893738,796673.0
0.5500695705413818,0.7168224453926086,796993.0
0.5504673272371292,0.7178912162780762,797274.0
0.5428955554962158,0.7061177492141724,797554.0
0.5610562562942505,0.7144082188606262,797835.0
0.5674475431442261,0.7098270058631897,798115.0
0.5699402093887329,0.704635739326477,798395.0
0.5914276838302612,0.7084475159645081,799036.0
0.5914977192878723,0.7020626664161682,799317.0
0.5969418883323669,0.7071768045425415,799597.0
0.5971595644950867,0.7047296762466431,799878.0
0.5993067026138306,0.7012447714805603,800158.0
0.6167804598808289,0.7076427340507507,800439.0
0.6231130957603455,0.7048048973083496,800719.0
0.6481146812438965,0.7117096781730652,801400.0
0.6637495160102844,0.7162463068962097,801680.0
0.6674248576164246,0.7128970623016357,801961.0
0.6724013686180115,0.7083346843719482,802241.0
0.6690167188644409,0.7022513151168823,802522.0
0.6695514917373657,0.709953784942627,802802.0
0.6702709197998047,0.70246422290802,803083.0
0.6699141263961792,0.7043543457984924,803363.0
0.6716790199279785,0.7060865163803101,803644.0
0.6683003902435303,0.7063406109809875,803924.0
0.6770987510681152,0.702970027923584,804204.0
0.6768372058868408,0.7030050158500671,804485.0
0.6783769726753235,0.700565755367279,804765.0
0.7006716728210449,0.6803545951843262,805727.0
0.7109706401824951,0.6846365332603455,806007.0
0.7102980613708496,0.686653733253479,806288.0
0.7257133722305298,0.7022364139556885,806608.0
0.7574872970581055,0.7032467126846313,807089.0
0.751459538936615,0.7014379501342773,807369.0
0.7556605339050293,0.7027832865715027,807650.0
0.7520511150360107,0.701099157333374,807930.0
0.7579957842826843,0.6992441415786743,808211.0
0.7499658465385437,0.7013903260231018,808491.0
0.7552188038825989,0.701224148273468,808771.0
0.7497731447219849,0.7036480903625488,809052.0
0.7529721260070801,0.7031862735748291,809332.0
0.7506857514381409,0.7044594883918762,809613.0
0.7562119960784912,0.7025110125541687,809893.0
0.7580438256263733,0.6968294382095337,810174.0
0.759678840637207,0.7009730935096741,810454.0
0.7543272376060486,0.6999546885490417,810734.0
0.7604917883872986,0.6965352296829224,811015.0
0.7557482719421387,0.6933509707450867,811295.0
0.7628241181373596,0.6927396655082703,811576.0
0.7509868144989014,0.6946002244949341,811856.0
0.7601157426834106,0.6994644999504089,812137.0
0.7550240159034729,0.7002606391906738,812417.0
0.7680237293243408,0.7098236680030823,812698.0
0.7652995586395264,0.7128419280052185,812978.0
0.766261875629425,0.7202627062797546,813258.0
0.763268232345581,0.7181214690208435,813539.0
0.770641028881073,0.7030717134475708,813819.0
0.7631952166557312,0.7025836110115051,814100.0
0.7437596917152405,0.7019544243812561,814380.0
0.7436749339103699,0.6963824033737183,814661.0
0.7408345341682434,0.6932700872421265,815141.0
0.7414271235466003,0.688842236995697,815422.0
0.7395836710929871,0.6970300078392029,815943.0
0.7317287921905518,0.6975163221359253,816223.0
0.7284994721412659,0.6961145997047424,816503.0
0.7354405522346497,0.6904553771018982,816784.0
0.7318589091300964,0.6891053318977356,817064.0
0.735248863697052,0.6952371597290039,817345.0
0.7359654903411865,0.6923034191131592,817625.0
0.7394678592681885,0.6921776533126831,817906.0
0.7344211935997009,0.6915640830993652,818186.0
0.729553759098053,0.6850324869155884,818466.0
0.7302214503288269,0.6671412587165833,818747.0
0.7275424599647522,0.6540378928184509,819027.0
0.7283192873001099,0.6267319321632385,819748.0
0.7162704467773438,0.6017178297042847,820029.0
0.708450973033905,0.5926786661148071,820309.0
0.6981026530265808,0.512927234172821,821231.0
0.7191833257675171,0.47671669721603394,821711.0
0.7491887807846069,0.4026795029640198,822312.0
0.7795677781105042,0.38000261783599854,822593.0
0.8078679442405701,0.31070518493652344,823114.0
0.8352346420288086,0.2874367833137512,823394.0
0.8597795367240906,0.23645654320716858,824275.0
0.8679746389389038,0.22219569981098175,824556.0
0.8682894706726074,0.20550157874822617,824836.0
0.8721863031387329,0.20269246399402618,825117.0
0.8712868094444275,0.19553795456886292,825397.0
0.878887414932251,0.1932610720396042,825678.0
0.8782389760017395,0.19997317343950272,825958.0
0.8867602348327637,0.20514538884162903,826238.0
0.9099997282028198,0.20425964146852493,828001.0
0.9277872443199158,0.17572525143623352,828802.0
0.8909977078437805,0.34392255544662476,837816.0
0.8813501596450806,0.38286808133125305,838177.0
0.8629598617553711,0.4443124830722809,838618.0
0.8592040538787842,0.48118099570274353,838898.0
0.8509536981582642,0.5840089917182922,840260.0
0.8611724972724915,0.5742436051368713,840821.0
0.8661523461341858,0.5651155710220337,841101.0
0.8671054840087891,0.5568689703941345,841382.0
0.8683858513832092,0.5532047748565674,841662.0
0.8685881495475769,0.5531147122383118,841943.0
0.8791362047195435,0.5504042357206345,842223.0
0.8859924674034119,0.5503044277429581,842504.0
0.9004334807395935,0.5660181045532227,842904.0
0.9135295152664185,0.5743253231048584,843465.0
0.911949634552002,0.5712730288505554,843786.0
0.9142903089523315,0.5381083935499191,844066.0
0.9222412705421448,0.4990101158618927,844347.0
0.9392305612564087,0.45405249297618866,844627.0
0.9263162016868591,0.3010960519313812,845829.0
0.9171974062919617,0.28617390990257263,846109.0
0.909220814704895,0.2780136466026306,846390.0
0.8857736587524414,0.2630065456032753,847071.0
0.8637978434562683,0.24791689217090607,847351.0
0.8527313470840454,0.24392777681350708,847632.0
0.8378758430480957,0.24365785717964172,847912.0
0.8287584185600281,0.25045592337846756,848192.0
0.696139931678772,0.2735787332057953,848994.0
0.6461054682731628,0.29989586025476456,849274.0
0.5786877274513245,0.332422137260437,849675.0
0.5094492435455322,0.371371865272522,850115.0
0.4549500644207001,0.40369147062301636,850396.0
0.4098682999610901,0.4356518089771271,850676.0
0.3560999631881714,0.4639303535223007,850957.0
0.31241217255592346,0.49658603966236115,851237.0
0.2576412856578827,0.5405556559562683,851678.0
0.20002195239067078,0.5801575183868408,852119.0
0.1586311124265194,0.6141478419303894,852399.0
0.14427565038204193,0.63411945104599,852679.0
0.11503715813159943,0.6503324508666992,852960.0
0.11035001277923584,0.6555162668228149,853240.0
0.1122862696647644,0.6606485247612,854723.0
0.11470961570739746,0.6489881277084351,855003.0
0.12076370418071747,0.654233992099762,855283.0
0.12851907685399055,0.651090681552887,855564.0
0.14905503392219543,0.641356348991394,856325.0
0.25766969472169876,0.6328849196434021,863416.0
0.26211678981781006,0.6040520668029785,864257.0
0.2677863836288452,0.5880178809165955,864578.0
0.2931198477745056,0.5709336996078491,864978.0
0.30671262741088867,0.5644259452819824,865259.0
0.34199345111846924,0.5406091064214706,865619.0
0.5473761558532715,0.6000392436981201,867502.0
0.5711053609848022,0.6228340268135071,867783.0
0.6054975390434265,0.6309186220169067,868143.0
0.6269248127937317,0.6473354697227478,868424.0
0.6531185507774353,0.6656719446182251,868704.0
0.6729376912117004,0.6805168390274048,868985.0
0.7059271931648254,0.6834198832511902,869385.0
0.7215935587882996,0.6957847476005554,869666.0
0.7531454563140869,0.6990558505058289,870026.0
0.7714260220527649,0.6955100297927856,870307.0
0.7960428595542908,0.7030470967292786,870707.0
0.7952422499656677,0.701238214969635,871428.0
0.7931829690933228,0.6987369060516357,872831.0
0.7647673487663269,0.6920097470283508,873191.0
0.7205906510353088,0.6875084638595581,873592.0
0.710002064704895,0.6945774555206299,873872.0
0.6615711450576782,0.6934103965759277,875635.0
0.6497945189476013,0.6965559124946594,875915.0
0.630021870136261,0.7002660036087036,876476.0
0.6060366630554199,0.7042840123176575,876757.0
0.573998212814331,0.7036450505256653,877037.0
0.5557090044021606,0.712769091129303,877318.0
0.5198163986206055,0.7060520052909851,877598.0
0.48997171223163605,0.7018389701843262,877878.0
0.46994510293006897,0.699120819568634,878159.0
0.42966002225875854,0.6951060891151428,878439.0
0.3605484664440155,0.6712909936904907,878880.0
0.29543063044548035,0.6532303690910339,879160.0
0.27350202202796936,0.652248740196228,879441.0
0.23937290906906128,0.656652569770813,879721.0
0.19702816009521484,0.6682025194168091,880002.0
0.18404556810855865,0.6751609444618225,880282.0
0.07431928813457489,0.6218067407608032,885450.0
0.06974644958972931,0.6170811057090759,885731.0
0.08485930971801281,0.6141152381896973,886011.0
0.1334903985261917,0.601177990436554,886972.0
0.14588162302970886,0.6007193326950073,887253.0
0.18021833896636963,0.5966699123382568,888895.0
0.18163330852985382,0.5515208840370178,890097.0
0.17915038764476776,0.5333341956138611,890578.0
0.17821624875068665,0.505695104598999,891379.0
0.1682424545288086,0.4973149597644806,891660.0
0.16814109683036804,0.49222806096076965,891940.0
0.1644355058670044,0.4954906105995178,892221.0
0.18948784470558167,0.6072629690170288,895025.0
0.1961979866027832,0.638400673866272,895826.0
0.19656676054000854,0.6380773782730103,896107.0
0.2345164641737938,0.6362178325653076,896788.0
0.24247270077466965,0.6393324732780457,897068.0
0.2717309594154358,0.6394903659820557,897509.0
0.30563393235206604,0.6436091065406799,897789.0
0.33176103234291077,0.6518794894218445,898230.0
0.35363855957984924,0.6595129370689392,898510.0
0.38526904582977295,0.6763020753860474,898911.0
0.3998171091079712,0.678581714630127,899191.0
0.4460269510746002,0.6763438582420349,899672.0
0.4637679308652878,0.6697331070899963,899953.0
0.4792024493217468,0.6604615449905396,900233.0
0.5207583755254745,0.6490300893783569,900513.0
0.5520660281181335,0.6373649835586548,900794.0
0.592330813407898,0.6194274425506592,901235.0
0.6210395097732544,0.6142300963401794,901515.0
0.6354467868804932,0.6131522059440613,901795.0
0.6400749683380127,0.6093918681144714,902076.0
0.6349537372589111,0.6039236783981323,902356.0
0.6265920400619507,0.5463923662900925,902797.0
0.6189993023872375,0.5119403004646301,903077.0
0.603720486164093,0.48963990807533264,903358.0
0.5829175114631653,0.4612564891576767,903678.0
0.5770096778869629,0.43863412737846375,903959.0
0.5653659105300903,0.408941388130188,904399.0
0.5392647981643677,0.3932591378688812,904680.0
0.5149513483047485,0.3720366656780243,905802.0
0.5084916353225708,0.379428505897522,906082.0
0.5059590339660645,0.38982757925987244,906362.0
0.5040673166513443,0.3968624472618103,906643.0
0.5018137693405151,0.39921432733535767,906923.0
0.5052106976509094,0.3985225260257721,907204.0
0.5029538720846176,0.39821311831474304,907484.0
0.5064715594053268,0.4021139442920685,907765.0
0.5042919516563416,0.4157728850841522,908045.0
0.4976915121078491,0.42753976583480835,908326.0
0.49613094329833984,0.4363841712474823,908606.0
0.4821156859397888,0.4641546308994293,908886.0
0.4778978228569031,0.4912072569131851,909247.0
0.4817040264606476,0.503680095076561,909728.0
0.47909438610076904,0.49494384229183197,910008.0
0.49086958169937134,0.4996553808450699,910289.0
0.5089377760887146,0.5030530840158463,910569.0
0.5350636839866638,0.49908754229545593,910849.0
0.5951964259147644,0.5097016096115112,911210.0
0.6399388313293457,0.5088324546813965,911490.0
0.746813178062439,0.5298641324043274,912171.0
0.7878769040107727,0.5437275022268295,912452.0
0.811063289642334,0.5397178679704666,912732.0
0.8362985253334045,0.5200448036193848,913013.0
0.8458359837532043,0.441781222820282,913493.0
0.8504847884178162,0.35722002387046814,913894.0
0.8336358666419983,0.20381249487400055,927355.0
0.8339950442314148,0.19895895943045616,928076.0
0.8369828462600708,0.19465964287519455,928557.0
0.8475976586341858,0.21809755265712738,929879.0
0.8490229249000549,0.21782010048627853,930199.0
0.8483784198760986,0.22174590826034546,930480.0
0.8562000393867493,0.21853990107774734,930760.0
0.8463806509971619,0.21941044926643372,931041.0
0.8370541334152222,0.17909865453839302,933925.0
0.8580230474472046,0.1773030050098896,934206.0
0.8780312538146973,0.17051103711128235,934646.0
0.8798016309738159,0.18526603281497955,934927.0
0.9176872968673706,0.1853688806295395,935688.0
0.9313778877258301,0.17711782455444336,936569.0
0.9292601346969604,0.1773051768541336,937090.0
0.9420454502105713,0.1774592101573944,937370.0
0.9345542192459106,0.17454232275485992,938773.0
0.9387660026550293,0.17890547215938568,939293.0
0.9367080330848694,0.17720216512680054,939574.0
0.930907666683197,0.17896556854248047,939854.0
0.9340662956237793,0.17876973748207092,940375.0
0.9313061237335205,0.17902721464633942,940656.0
0.9320552945137024,0.1800517439842224,940936.0
0.9278884530067444,0.1775338053703308,941297.0
0.9283886551856995,0.17916150391101837,941737.0
0.9414519667625427,0.17748714983463287,942018.0
0.9232351183891296,0.17624664679169655,942298.0
0.9299126863479614,0.17737381160259247,942739.0
0.9286360740661621,0.1753532849252224,943300.0
0.923884928226471,0.177755206823349,944301.0
0.9199067950248718,0.18247811496257782,944582.0
0.9187285304069519,0.18596012890338898,944862.0
0.9125624299049377,0.19675429910421371,945142.0
0.9152056574821472,0.26276469230651855,946865.0
0.8843735456466675,0.16395682096481323,961768.0
0.7000553011894226,0.18678796663880348,965414.0
0.6107110381126404,0.2482662796974182,965895.0
0.5697803497314453,0.30069607496261597,966175.0
0.516997218132019,0.3608831763267517,966576.0
0.4703983813524246,0.40577375888824463,966896.0
0.4247620105743408,0.44595955312252045,967177.0
0.3881654739379883,0.47695890069007874,967497.0
0.3644988238811493,0.5005314350128174,967777.0
0.32976043224334717,0.5309823751449585,968098.0
0.2892463803291321,0.5716526508331299,968418.0
0.2535562217235565,0.6195389032363892,968699.0
0.2315627709031105,0.6421582698822021,968979.0
0.20579196512699127,0.6594261527061462,969380.0
0.19032856822013855,0.66267991065979,969660.0
0.18157967925071716,0.6662717461585999,969941.0
0.18539349734783173,0.6713862419128418,970221.0
0.1890600174665451,0.6654848456382751,970502.0
0.18224269151687622,0.6603642702102661,970782.0
0.18406769633293152,0.6443001627922058,971063.0
0.19856862723827362,0.6347669363021851,971463.0
0.2126069962978363,0.6221070885658264,972144.0
0.2238229662179947,0.6093115210533142,972425.0
0.23254483938217163,0.6020385026931763,972705.0
0.24065354466438293,0.5885351896286011,972986.0
0.24996834993362427,0.581720232963562,973266.0
0.255235880613327,0.5759404301643372,973546.0
0.28111682087183,0.5542800426483154,973827.0
0.3249175250530243,0.5410563349723816,974107.0
0.36595234274864197,0.5393111109733582,974388.0
0.40177100896835327,0.5414150357246399,974668.0
0.4410468190908432,0.539672315120697,974949.0
0.47530320286750793,0.5357415080070496,975229.0
0.5231398195028305,0.539137065410614,975670.0
0.5546230673789978,0.5373330861330032,975950.0
0.5895271301269531,0.5382538288831711,976311.0
0.617971658706665,0.5383065789937973,976591.0
0.6337287425994873,0.5373727530241013,976872.0
0.6604495048522949,0.5367613434791565,977152.0
0.6970325708389282,0.5363345593214035,977432.0
0.719854474067688,0.5409179776906967,977713.0
0.7433279752731323,0.5341609716415405,977993.0
0.7630553841590881,0.5350860208272934,978274.0
0.7786011099815369,0.521779403090477,978554.0
0.805027186870575,0.49978432059288025,978835.0
0.8312199115753174,0.4688927233219147,979115.0
0.8488892912864685,0.4053160846233368,979516.0
0.8566661477088928,0.3505118489265442,979796.0
0.8550152778625488,0.2898668870329857,980077.0
0.8559258580207825,0.26851359009742737,980357.0
0.8589050769805908,0.2272416427731514,980637.0
0.8575103282928467,0.19733810052275658,980958.0
0.850360631942749,0.18668398261070251,981238.0
0.8471108675003052,0.17011843994259834,981599.0
0.8509403467178345,0.1488918662071228,982160.0
0.8553766012191772,0.14327044785022736,982440.0
0.8655322790145874,0.12978686392307281,982721.0
0.8649489879608154,0.1272461861371994,983802.0
0.8683607578277588,0.12609360739588737,984083.0
0.9163154363632202,0.17903585731983185,990413.0
0.8899561166763306,0.16952629759907722,990813.0
0.8864554762840271,0.1635042317211628,991094.0
0.8757321238517761,0.1539398543536663,991855.0
0.8701047897338867,0.15016144141554832,992135.0
0.8702398538589478,0.1444430649280548,992416.0
0.8687090873718262,0.14286349341273308,992936.0
0.8680054545402527,0.14256693050265312,993257.0
0.8737292885780334,0.14345711469650269,993537.0
0.8836223483085632,0.16276119649410248,994058.0
0.9197932481765747,0.21715117245912552,994579.0
0.9258125424385071,0.2473321333527565,994859.0
0.9278493523597717,0.27375393360853195,995140.0
0.9214914441108704,0.2778579592704773,995420.0
0.9187231063842773,0.29310470819473267,995701.0
0.9031289219856262,0.2901845872402191,995981.0
0.8800191879272461,0.2836882993578911,996262.0
0.8707173466682434,0.2781689167022705,996542.0
0.772137463092804,0.26430436968803406,997303.0
0.7168599963188171,0.27364805340766907,997584.0
0.6572551131248474,0.2896234691143036,997864.0
0.6020260453224182,0.30604398250579834,998144.0
0.5591394454240799,0.3335919678211212,998425.0
0.5092590302228928,0.3532828986644745,998705.0
0.4100967049598694,0.3690286874771118,999306.0
0.36325594782829285,0.3723892569541931,999707.0
0.32982489466667175,0.38378843665122986,999987.0
0.29979774355888367,0.38166093826293945,1000268.0
0.25592947006225586,0.38229772448539734,1000628.0
0.2375776395201683,0.3836096525192261,1000909.0
0.20131199061870575,0.382190465927124,1001189.0
0.18212008476257324,0.39565473794937134,1001470.0
0.1483212262392044,0.4311513900756836,1001990.0
0.11678048968315125,0.44612595438957214,1002271.0
0.11987850069999695,0.4503045976161957,1002551.0
0.11932190135121346,0.4532266855239868,1002832.0
0.11773188784718513,0.4507410228252411,1003112.0
0.11775866150856018,0.44487833976745605,1003393.0
0.12718750536441803,0.2886424660682678,1019618.0
0.1300642341375351,0.2969988062977791,1019978.0
0.12754860520362854,0.332204133272171,1021901.0
0.17801038920879364,0.2679158225655556,1027189.0
0.18566983938217163,0.2684396505355835,1027630.0
0.16660216450691223,0.3213154077529907,1039929.0
0.20517988502979279,0.4435195028781891,1041411.0
0.20855571329593658,0.4623764157295227,1041732.0
0.24188277125358582,0.5059729069471359,1042012.0
0.33106285333633423,0.5344676375389099,1042293.0
0.41104310750961304,0.5657162070274353,1042573.0
0.49378466606140137,0.5831047296524048,1042854.0
0.5588095188140869,0.5962105393409729,1043134.0
0.6129822731018066,0.6112935543060303,1043415.0
0.6601117253303528,0.6209400296211243,1043695.0
0.7152674794197083,0.6283736824989319,1044096.0
0.751011848449707,0.6402261853218079,1044376.0
0.7789258360862732,0.6496717929840088,1044656.0
0.8018658757209778,0.652999997138977,1044937.0
0.8207336068153381,0.6613205671310425,1045217.0
0.8330369591712952,0.6713228821754456,1045498.0
0.8413723707199097,0.6771178245544434,1045778.0
0.8511582612991333,0.6773599982261658,1046139.0
0.8739292621612549,0.6746603846549988,1046419.0
0.8762632608413696,0.6618518233299255,1046700.0
0.8772406578063965,0.6557545065879822,1046980.0
0.8805553317070007,0.6543512940406799,1047260.0
0.8959071040153503,0.6378281116485596,1047581.0
0.8890001177787781,0.6209408640861511,1047861.0
0.8791018128395081,0.5736111402511597,1048182.0
0.8780087828636169,0.5225542336702347,1048502.0
0.868156373500824,0.4825237989425659,1048783.0
0.8628198504447937,0.4532339572906494,1049063.0
0.8502322435379028,0.40592464804649353,1049464.0
0.8330366015434265,0.36634621024131775,1050065.0
0.8113157749176025,0.34506651759147644,1050345.0
0.7931685447692871,0.33934730291366577,1050626.0
0.7751979827880859,0.32225337624549866,1050906.0
0.7548196911811829,0.3220134973526001,1051187.0
0.7326644062995911,0.3207026720046997,1051507.0
0.7140355110168457,0.3315180838108063,1051787.0
0.7019239664077759,0.32922935485839844,1052068.0
0.692047119140625,0.32978540658950806,1052348.0
0.6882694959640503,0.33479154109954834,1052629.0
0.6857967376708984,0.33521920442581177,1052909.0
0.6852790117263794,0.3252350091934204,1053831.0
0.6840904951095581,0.325412780046463,1056395.0
0.6728209257125854,0.32344838976860046,1056675.0
0.6546617150306702,0.3296125531196594,1056955.0
0.633141040802002,0.3408449590206146,1057236.0
0.5909234285354614,0.3606563210487366,1057516.0
0.5513796806335449,0.393419086933136,1057797.0
0.5177874118089676,0.42182016372680664,1058077.0
0.467098206281662,0.46174685657024384,1058398.0
0.42059001326560974,0.4974091351032257,1058678.0
0.3781002163887024,0.5236869305372238,1058959.0
0.3571584224700928,0.5524486154317856,1059239.0
0.30927562713623047,0.5877844095230103,1059640.0
0.2717210352420807,0.6134780645370483,1059920.0
0.25685352087020874,0.6308170557022095,1060201.0
0.23060958087444305,0.6419056057929993,1060481.0
0.20153826475143433,0.6554388999938965,1060761.0
0.18794022500514984,0.6505691409111023,1061042.0
0.1295708417892456,0.614452064037323,1061883.0
0.18123383820056915,0.31934547424316406,1072259.0
0.5007979422807693,0.43686920404434204,1081914.0
0.6685963869094849,0.5264453440904617,1083276.0
0.7075473666191101,0.5478070974349976,1083837.0
0.7270423173904419,0.5396589040756226,1084118.0
0.7651517987251282,0.5100899338722229,1084879.0
0.796474814414978,0.4398786127567291,1085680.0
0.802300214767456,0.3970564305782318,1086201.0
0.8048276305198669,0.38464224338531494,1086481.0
0.803759753704071,0.3716150224208832,1086762.0
0.8413184881210327,0.35930851101875305,1087082.0
0.8642877340316772,0.322380393743515,1087363.0
0.8531181216239929,0.30336496233940125,1087723.0
0.8675409555435181,0.2789456322789192,1088004.0
0.8700156807899475,0.25255177170038223,1088284.0
0.8812336921691895,0.21695657074451447,1088564.0
0.8851624727249146,0.20985859632492065,1088845.0
0.887344479560852,0.21080026030540466,1089125.0
0.8847668766975403,0.20116720348596573,1089406.0
0.8804704546928406,0.2008664309978485,1089686.0
0.8831959366798401,0.19639134407043457,1089967.0
0.8789481520652771,0.19877378642559052,1090247.0
0.8745309710502625,0.19912175834178925,1090527.0
0.8761769533157349,0.19616708904504776,1090808.0
0.8781507611274719,0.19049979746341705,1091088.0
0.8658888339996338,0.17890742421150208,1091369.0
0.8685392737388611,0.17170415818691254,1091649.0
0.9428586363792419,0.19836340844631195,1092490.0
0.9421213269233704,0.20034325122833252,1092771.0
0.9146052002906799,0.2123887911438942,1093492.0
0.9115066528320312,0.24372491240501404,1093772.0
0.8727221488952637,0.2779061794281006,1094293.0
0.8616217374801636,0.32363206148147583,1094614.0
0.8241616487503052,0.37160828709602356,1095135.0
0.628926694393158,0.34258827567100525,1098059.0
0.6317883729934692,0.3310030400753021,1098340.0
0.6351287364959717,0.29843851923942566,1099181.0
0.6496353149414062,0.28310611844062805,1099461.0
0.6590299606323242,0.2713225483894348,1099742.0
0.6663879752159119,0.2574913576245308,1100022.0
0.6702467799186707,0.2520500421524048,1100303.0
0.6723747253417969,0.2502009868621826,1100583.0
0.6717450022697449,0.2472466230392456,1100863.0
0.6731743812561035,0.24959754943847656,1101144.0
0.672283947467804,0.24931201338768005,1101424.0
0.6710793375968933,0.247194305062294,1101705.0
0.6716223359107971,0.2468906193971634,1101985.0
0.6721495389938354,0.24709586799144745,1102266.0
0.6722803115844727,0.24982218444347382,1102546.0
0.6725677251815796,0.24829241633415222,1102826.0
0.6747490167617798,0.24809110164642334,1103107.0
0.6723921298980713,0.24652287364006042,1103387.0
0.6718006134033203,0.24726024270057678,1103668.0
0.6729826927185059,0.24635562300682068,1103988.0
0.6733234524726868,0.24793490767478943,1104269.0
0.6723312735557556,0.24719054996967316,1104549.0
0.6724210977554321,0.24751869589090347,1104830.0
0.6717978715896606,0.24635842442512512,1105110.0
0.6717947721481323,0.24661944806575775,1105390.0
0.6716923713684082,0.24803347140550613,1105671.0
0.673698902130127,0.24826696515083313,1105951.0
0.7073076367378235,0.20993995666503906,1106712.0
0.723442018032074,0.19636687636375427,1106993.0
0.7503254413604736,0.1659315824508667,1107474.0
0.7610898017883301,0.15026547387242317,1107754.0
0.7745429873466492,0.14481117948889732,1108035.0
0.7754323482513428,0.14503967389464378,1108315.0
0.777945339679718,0.14645421504974365,1108595.0
0.7750569581985474,0.14561522006988525,1108876.0
0.7752886414527893,0.14617513120174408,1109156.0
0.7729492783546448,0.1470145881175995,1109437.0
0.7748571038246155,0.1489008404314518,1109717.0
0.7742390632629395,0.1478406935930252,1109998.0
0.7767446041107178,0.1476888172328472,1110278.0
0.7728177309036255,0.1506669856607914,1110558.0
0.776231050491333,0.1505495421588421,1110839.0
0.7786087393760681,0.15011322870850563,1111119.0
0.9357419013977051,0.16388913989067078,1116448.0
0.9434775114059448,0.24458715319633484,1117209.0
0.9172930717468262,0.2651473805308342,1117649.0
0.9040006399154663,0.2720874547958374,1117930.0
0.8855305910110474,0.28147122263908386,1118451.0
0.8735370635986328,0.28415118902921677,1118731.0
0.863832414150238,0.27633944153785706,1119012.0
0.8494848012924194,0.27201277017593384,1119292.0
0.832228422164917,0.2595820426940918,1119853.0
0.7685288190841675,0.24138043820858002,1120934.0
0.7984973192214966,0.23333749175071716,1121255.0
0.7224431037902832,0.22440676391124725,1121616.0
0.7148828506469727,0.21684804558753967,1121896.0
0.7140541672706604,0.14578362181782722,1125662.0
0.7197591066360474,0.150275319814682,1125942.0
0.7813078165054321,0.17957566678524017,1128066.0
0.7866227626800537,0.17973962426185608,1128346.0
0.7690882682800293,0.16941244900226593,1129908.0
0.758571445941925,0.181720569729805,1130189.0
0.6311973929405212,0.34249287843704224,1132793.0
0.6591027975082397,0.20526666939258575,1134956.0
0.6640047430992126,0.19638625532388687,1135237.0
0.6960457563400269,0.1745559573173523,1136318.0
0.7033935785293579,0.17479949072003365,1136599.0
0.7215353846549988,0.16545414552092552,1136879.0
0.7477219700813293,0.16846072301268578,1137480.0
0.7605559825897217,0.16210566833615303,1137761.0
0.8219741582870483,0.15677984058856964,1143209.0
0.830289900302887,0.1588580496609211,1143570.0
0.8568136692047119,0.16338884830474854,1144331.0
0.8600978255271912,0.17915156483650208,1144611.0
0.8679170608520508,0.18167583644390106,1144892.0
0.88236403465271,0.19000399112701416,1145172.0
0.8901933431625366,0.19475889205932617,1145452.0
0.9355143308639526,0.20304958522319794,1145893.0
0.8745507001876831,0.21814881265163422,1148137.0
0.871290922164917,0.22602692246437073,1148417.0
0.8673901557922363,0.23543307185173035,1148697.0
0.867219090461731,0.2447841912508011,1148978.0
0.8627532124519348,0.2521142438054085,1149258.0
0.8496150374412537,0.25979480147361755,1149539.0
0.8305931687355042,0.25811607390642166,1150019.0
0.8210945129394531,0.26386409997940063,1150540.0
0.817949116230011,0.2610890492796898,1150821.0
0.8159999847412109,0.2664271891117096,1151101.0
0.8129163384437561,0.2682251036167145,1151382.0
0.8132190704345703,0.27445801347494125,1151662.0
0.8124566078186035,0.2706114128232002,1151942.0
0.7847963571548462,0.2641981542110443,1152904.0
0.7794687747955322,0.26333800703287125,1153184.0
0.769953191280365,0.2644714117050171,1153465.0
0.7610142827033997,0.2700400650501251,1153745.0
0.7302754521369934,0.27245408296585083,1154266.0
0.712404191493988,0.2807510793209076,1154546.0
0.6331459283828735,0.3331141471862793,1156990.0
0.6222231388092041,0.34245842695236206,1157271.0
0.5564770698547363,0.3961450457572937,1160436.0
0.5956758856773376,0.3742065727710724,1161718.0
0.7223302721977234,0.5395601987838745,1166645.0
0.7263853549957275,0.5721587538719177,1166926.0
0.7673109173774719,0.6414929628372192,1167687.0
0.8211517930030823,0.6865552663803101,1168648.0
0.8246973156929016,0.6813299059867859,1168929.0
0.8420742750167847,0.647130012512207,1169209.0
0.8430893421173096,0.6102063059806824,1169610.0
0.8515127301216125,0.5670570731163025,1169890.0
0.8635748028755188,0.5172320455312729,1170171.0
0.8655298352241516,0.48765160143375397,1170451.0
0.8721364140510559,0.46427270770072937,1170732.0
0.8738054037094116,0.4392932057380676,1171012.0
0.8739350438117981,0.41473400592803955,1171332.0
0.8783401250839233,0.40390434861183167,1171613.0
0.8815040588378906,0.3847588896751404,1171893.0
0.8848257660865784,0.3703438937664032,1172174.0
0.881937563419342,0.3661710321903229,1172454.0
0.8835582733154297,0.3609217703342438,1172735.0
0.8816182613372803,0.35632088780403137,1173015.0
0.8791084885597229,0.35309523344039917,1173296.0
0.877373456954956,0.3511120676994324,1173576.0
0.8856974244117737,0.33624184131622314,1173856.0
0.891224205493927,0.3198896050453186,1174137.0
0.8866162300109863,0.3067774772644043,1174417.0
0.8868789076805115,0.3006141185760498,1174698.0
0.8921798467636108,0.29193851351737976,1174978.0
0.889430582523346,0.28683333843946457,1175259.0
0.887863039970398,0.2782248556613922,1175539.0
0.891006588935852,0.2571415677666664,1176020.0
0.9173778295516968,0.20714349299669266,1178143.0
0.9195171594619751,0.19667361676692963,1178423.0
0.9230402112007141,0.1898909956216812,1178704.0
0.9236920475959778,0.18357497453689575,1178984.0
0.9303867816925049,0.17629779502749443,1179265.0
0.9348782300949097,0.17263378202915192,1179545.0
0.9326986074447632,0.17399616539478302,1179826.0
0.930105447769165,0.178032036870718,1180106.0
0.9337141513824463,0.17175601422786713,1180467.0
0.9282031655311584,0.17314095795154572,1180747.0
0.9295958876609802,0.17380622029304504,1181027.0
0.9314664602279663,0.17502892017364502,1181308.0
0.9318163394927979,0.17381525039672852,1181588.0
0.9317173957824707,0.17883943021297455,1181869.0
0.9313930869102478,0.17669489979743958,1182149.0
0.9330602884292603,0.17783372104167938,1182430.0
0.9299306869506836,0.17953884229063988,1182710.0
0.9321021437644958,0.17985159158706665,1182991.0
0.930945873260498,0.1800323724746704,1183271.0
0.9281260967254639,0.17948631942272186,1183551.0
0.9301378130912781,0.17851322889328003,1183872.0
0.9314290285110474,0.17482712864875793,1184272.0
0.932774543762207,0.17629402875900269,1184553.0
0.9326003193855286,0.17959508299827576,1184913.0
0.9302796125411987,0.1728471964597702,1185314.0
0.9278475642204285,0.17999032139778137,1185595.0
0.9218320846557617,0.17909851670265198,1185875.0
0.927800178527832,0.18331339955329895,1186155.0
0.9283015727996826,0.18037617206573486,1186716.0
0.9049189686775208,0.21605779975652695,1188559.0
0.8856537342071533,0.21776944398880005,1189000.0
0.8666938543319702,0.22333401441574097,1189280.0
0.8361895084381104,0.23957042396068573,1189761.0
0.7634475827217102,0.22906357049942017,1190602.0
0.7109125256538391,0.17767706513404846,1191203.0
0.7086179256439209,0.17984341084957123,1191484.0
0.6956599950790405,0.17737837135791779,1191764.0
0.6715107560157776,0.18172630667686462,1192205.0
0.6478000283241272,0.19997702538967133,1192485.0
0.6173712611198425,0.23117702454328537,1192886.0
0.5689569711685181,0.2653307616710663,1193447.0
0.5215157270431519,0.2700802683830261,1194689.0
0.5401675552129745,0.25503483414649963,1195290.0
0.5650567412376404,0.23296869546175003,1195570.0
0.5874477624893188,0.21925261616706848,1196051.0
0.610588550567627,0.2072627916932106,1196331.0
0.6584557890892029,0.2056255340576172,1197092.0
0.6770359873771667,0.20527079701423645,1197453.0
