0.0,0.0
0.927291572094,0.192616157234
0.924587190151,0.196810305119
0.93209952116,0.19281167537
0.932177305222,0.192275553942
0.930670142174,0.184669926763
0.933436155319,0.174037843943
0.932277977467,0.171571880579
0.881340503693,0.165749534965
0.880771934986,0.170714970678
0.881618738174,0.194614190608
0.907327055931,0.206754729152
0.887926995754,0.203540667892
0.867881298065,0.174746572971
0.868653833866,0.160533864051
0.888441979885,0.164251327515
0.906329452991,0.197052627802
0.916155338287,0.643277585506
0.884538710117,0.701480209827
0.859139442444,0.715330719948
0.830372452736,0.721659183502
0.786162316799,0.719867169857
0.755080938339,0.724558711052
0.709048509598,0.73156774044
0.613959908485,0.721870243549
0.567527532578,0.71236884594
0.506532669067,0.704443573952
0.46221126616,0.701178848743
0.396201223135,0.700420439243
0.362912923098,0.691997408867
0.330939799547,0.674138307571
0.305737614632,0.648816227913
0.287493079901,0.645632922649
0.253070302308,0.638757050037
0.228275977075,0.643475592136
0.191834285855,0.64308989048
0.160352479666,0.648912131786
0.14586172998,0.653143584728
0.137806847692,0.660883903503
0.132179263979,0.668678820133
0.126186579466,0.644353151321
0.11528435722,0.617456018925
0.10985512659,0.594660043716
0.093980923295,0.511773347855
0.0878178179264,0.495332539082
0.284341178834,0.437097162008
0.340328842402,0.477192491293
0.386565089226,0.503277420998
0.435041546822,0.525695264339
0.456160366535,0.526795506477
0.478622868657,0.514165863395
0.48288346827,0.496690630913
0.4931858778,0.480183795094
0.502527594566,0.451277539134
0.514184474945,0.425125479698
0.497923135757,0.400460928679
0.494673013687,0.38518473506
0.479956910014,0.390123993158
0.467887192965,0.397338777781
0.460544198751,0.397611945868
0.43897241354,0.363762199879
0.413749605417,0.28336751461
0.297502458096,0.324745059013
0.235199816525,0.436593919992
0.202625244856,0.517943739891
0.205519147217,0.535313412547
0.201142832637,0.516602680087
0.189396113157,0.472121223807
0.164253696799,0.337889313698
0.193568199873,0.338674992323
0.235023744404,0.410098403692
0.295033633709,0.453581824899
0.378115147352,0.484264612198
0.457111030817,0.49787825346
0.533597648144,0.502982974052
0.599855959415,0.494134277105
0.653477668762,0.487308189273
0.70396900177,0.471643775702
0.713366925716,0.459383890033
0.735101521015,0.453401088715
0.740262448788,0.380798459053
0.742652893066,0.338648855686
0.735081672668,0.200930148363
0.721293628216,0.178427319974
0.711580753326,0.166851494461
0.709879934788,0.162620604038
0.706219911575,0.16572676599
0.696480572224,0.166865170002
0.688801109791,0.180751219392
0.691599071026,0.171243458986
0.697873532772,0.166451435536
0.696539998055,0.166137527674
0.702225267887,0.167429879308
0.707784891129,0.170133609325
0.719849050045,0.166387621313
0.723948836327,0.163374703377
0.750045478344,0.167887669057
0.75956505537,0.169353161007
0.766865253448,0.172391656786
0.773414134979,0.176048159599
0.770901501179,0.175637673587
0.774554610252,0.174199253321
0.781655609608,0.174938987941
0.789137721062,0.17581474781
0.786174893379,0.174239739776
0.804962933064,0.162273537368
0.808553695679,0.162028625607
0.82108938694,0.170329302549
0.826083779335,0.166737880558
0.853808224201,0.175624713302
0.855232894421,0.176482841372
0.865744590759,0.17941012606
0.869457542896,0.182814210653
0.87227499485,0.19481882453
0.875678539276,0.202176742256
0.910385608673,0.439746454358
0.922062635422,0.479864656925
0.937266051769,0.514488399029
0.949639856815,0.539170145988
0.947322010994,0.566984295845
0.947638869286,0.586387991905
0.936319351196,0.640778005123
0.934449136257,0.662846028805
0.921771347523,0.702488303185
0.922751843929,0.717645704746
0.918052017689,0.732906520367
0.924387574196,0.74343508482
0.923712193966,0.735030829906
0.921072363853,0.715002834797
0.91622453928,0.689730346203
0.921784222126,0.675297737122
0.919334232807,0.661730229855
0.907771646976,0.632632911205
0.905292630196,0.607283830643
0.897037029266,0.564028203487
0.887595832348,0.527619957924
0.87354695797,0.511602282524
0.861012816429,0.498111456633
0.787257373333,0.462799698114
0.736735761166,0.45459985733
0.681637644768,0.459571808577
0.627726972103,0.462833821774
0.543419480324,0.481336399913
0.493342608213,0.49534624815
0.400513708591,0.523171544075
0.362571209669,0.533371686935
0.312456488609,0.554121300578
0.25314065814,0.587341666222
0.2159512043,0.611907303333
0.194365620613,0.632583260536
0.163246169686,0.634241223335
0.155841499567,0.639005661011
0.169833913445,0.615253210068
0.203559026122,0.624708473682
0.188118457794,0.657755613327
0.193428978324,0.65741610527
0.19827260077,0.66179639101
0.202236548066,0.66482436657
0.206409096718,0.66764652729
0.208420783281,0.666987240314
0.211728587747,0.664505302906
0.20992423594,0.652456760406
0.217426240444,0.651292681694
0.225272715092,0.648056507111
0.236703768373,0.63498800993
0.251870840788,0.633921563625
0.261654041708,0.624008238316
0.266612380743,0.613176882267
0.266048282385,0.602113604546
0.265904009342,0.587188243866
0.260997824371,0.582473158836
0.263583295047,0.588615834713
0.276742368937,0.584120452404
0.292114198208,0.579616606236
0.308343887329,0.587740719318
0.351801067591,0.600154995918
0.715973258018,0.644796013832
0.762380421162,0.66015380621
0.849978327751,0.649667918682
0.841243863106,0.636985659599
0.84945166111,0.622346162796
0.851008474827,0.602959036827
0.852662980556,0.605170786381
0.849118590355,0.617902338505
0.858870446682,0.626250803471
0.86201685667,0.629763841629
0.85949075222,0.636747062206
0.856114625931,0.64087253809
0.859096050262,0.644772529602
0.859763741493,0.649161577225
0.856991708279,0.646272718906
0.86113679409,0.644872546196
0.866083204746,0.649601340294
0.872555434704,0.661117970943
0.872162997723,0.67943239212
0.870440125465,0.682555496693
0.869835436344,0.700562059879
0.873505115509,0.721889317036
0.873803675175,0.734000682831
0.873498916626,0.740265011787
0.873982787132,0.742914378643
0.873528003693,0.751581549644
0.876613199711,0.750524878502
0.874062716961,0.751822948456
0.876607656479,0.74793201685
0.874181389809,0.738021552563
0.880397319794,0.73521977663
0.889733850956,0.729890286922
0.901265740395,0.725659012794
0.915543854237,0.718759894371
0.925489008427,0.718001902103
0.93648481369,0.702941536903
0.939141988754,0.680869996548
0.945688664913,0.664638638496
0.946310341358,0.647129297256
0.946053445339,0.636815130711
0.931517481804,0.623601734638
0.919522941113,0.608573555946
0.907210230827,0.581816017628
0.905340790749,0.557830035686
0.902802586555,0.542477190495
0.874002695084,0.414146393538
0.861210882664,0.362131416798
0.833439290524,0.325961530209
0.782800316811,0.295746870339
0.770600438118,0.287364810705
0.728522717953,0.276643931866
0.713677942753,0.281849645078
0.711718857288,0.273964382708
0.725532889366,0.276790380478
0.774173259735,0.288340486586
0.776159703732,0.296959273517
0.78373748064,0.315532952547
0.805326581001,0.341862589121
0.828199207783,0.359164714813
0.834553003311,0.382043331861
0.8426040411,0.392972677946
0.857266664505,0.384181886911
0.864596307278,0.337904244661
0.878124058247,0.299787886441
0.873002171516,0.252285391092
0.879665255547,0.229356586933
0.877285063267,0.21349221468
0.878318369389,0.203693605959
0.874833345413,0.199958778918
0.873695075512,0.196646429598
0.874744236469,0.194623380899
0.879010081291,0.193617001176
0.890449762344,0.190602749586
0.915504097939,0.19057738781
0.923160612583,0.182955875993
0.926500678062,0.179602980614
0.925660192966,0.178724821657
0.921899616718,0.17622403428
0.923482954502,0.173934388906
0.929729104042,0.177087381482
0.926547527313,0.214877985418
0.922732949257,0.222805052996
0.917357444763,0.247946768999
0.911695897579,0.262713938951
0.904758274555,0.285614699125
0.893165051937,0.373411148787
0.879464924335,0.380532830954
0.870465934277,0.385186105967
0.860896587372,0.394527703524
0.856876015663,0.391520053148
0.83966332674,0.391605228186
0.822733283043,0.406096935272
0.798709630966,0.422982305288
0.789849817753,0.423693627119
0.76971590519,0.428302407265
0.750370562077,0.428628861904
0.741439938545,0.42305329442
0.736237883568,0.404410749674
0.724879801273,0.378559082747
0.719707965851,0.370779782534
0.701700866222,0.352048635483
0.695300042629,0.328995764256
0.717798173428,0.297832131386
0.728020131588,0.295801430941
0.763159036636,0.287143595517
0.797356665134,0.28521489352
0.822200775146,0.283713459969
0.861903190613,0.242251217365
0.873506009579,0.233805522323
0.877323567867,0.219901964068
0.93290746212,0.177060607821
0.934546589851,0.178152587265
0.941577374935,0.180594682693
0.932818174362,0.186938986182
0.941173553467,0.194260299206
0.943524181843,0.206578195095
0.925724089146,0.227498993278
0.9246352911,0.254021950066
0.912907600403,0.245718494058
0.890212237835,0.217323973775
0.878274083138,0.222109541297
0.868543326855,0.230324201286
0.863336861134,0.259194932878
0.834864079952,0.278646975756
0.819985926151,0.271169729531
0.820634186268,0.264203816652
0.841078281403,0.25857385993
0.846356928349,0.239954903722
0.880182087421,0.197325382382
0.913413584232,0.342555969954
0.878311753273,0.429822564125
0.862029969692,0.471672654152
0.855013549328,0.462358444929
0.838495433331,0.449749350548
0.823349058628,0.449248343706
0.799277067184,0.458296865225
0.776341438293,0.468118011951
0.733032643795,0.490871950984
0.676424264908,0.513687744737
0.607045054436,0.542225062847
0.46485234797,0.611152172089
0.362125962973,0.637853562832
0.332083165646,0.651205301285
0.293479770422,0.657545149326
0.256011195481,0.670227050781
0.24795781076,0.67507481575
0.22048112005,0.688233077526
0.195272237062,0.676322937012
0.176815077662,0.676567792892
0.160218045115,0.667350828648
0.140271428972,0.64938378334
0.129897594452,0.584547698498
0.193311989307,0.547973275185
0.153238773346,0.50471188128
0.123380180448,0.528409138322
0.0964076220989,0.559490263462
0.0858924984932,0.573412418365
0.0748702287674,0.585407435894
0.0752891674638,0.592991411686
0.0748057421297,0.631926774979
0.0733953863382,0.64426279068
0.0714549943805,0.647528111935
0.0827544182539,0.652585744858
0.0867142155766,0.647659003735
0.0875208377838,0.637634456158
0.0875165387988,0.631982147694
0.0844526365399,0.626870989799
0.0878878999501,0.610923945904
0.085881434381,0.603569984436
0.0868111755699,0.59885764122
0.0892131235451,0.592610001564
0.0824869349599,0.586812436581
0.0859699882567,0.576871335506
0.0783586017787,0.574206590652
0.0831797663122,0.571263968945
0.083939306438,0.562328875065
0.0775346662849,0.553924620152
0.0807298012078,0.556176424026
0.0757007431239,0.5557975173
0.0860805884004,0.554071903229
0.0768701806664,0.531924590468
0.0848082266748,0.536647200584
0.0857148040086,0.546557486057
0.0822190158069,0.546141162515
0.0833252910525,0.561164438725
0.0905940830708,0.564993977547
0.0887921005487,0.570312440395
0.0903379581869,0.572145104408
0.111873719841,0.563057184219
0.113985598087,0.536920502782
0.11336261034,0.51258598268
0.117675270885,0.490030825138
0.11580991745,0.444747924805
0.0901338327676,0.337728351355
0.0868312940001,0.491927474737
0.0766938328743,0.500719487667
0.0689196363091,0.493018090725
0.0704612601548,0.48711976409
0.0734098404646,0.482152163982
0.0690391808748,0.586245536804
0.0800047535449,0.618886768818
0.0949600934982,0.611324191093
0.130291938782,0.457736849785
0.0972991883755,0.554080948234
0.0936297494918,0.573109567165
0.0882050078362,0.596777617931
0.0943887941539,0.626501977444
0.0953102521598,0.652741014957
0.0987384300679,0.677983224392
0.0924733355641,0.671561896801
0.0993400216103,0.650899648666
0.0774434506893,0.673596978188
0.0755738597363,0.647873997688
0.078219300136,0.622866988182
0.0837088003755,0.587625324726
0.0880140513182,0.562814831734
0.0904532819986,0.530413106084
0.114010017365,0.531430482864
0.129656642675,0.554187357426
0.162095114589,0.585857391357
0.18727055192,0.614557147026
0.231834083796,0.637166619301
0.27866974473,0.648815155029
0.328943520784,0.64923197031
0.393968343735,0.646603882313
0.438538655639,0.641690731049
0.484500020742,0.637110233307
0.534331679344,0.638045191765
0.588100552559,0.647553801537
0.642509877682,0.656392097473
0.709602534771,0.678501009941
0.754730343819,0.678714752197
0.819524586201,0.684893548489
0.821874320507,0.686901271343
0.819120109081,0.683867156506
0.820354759693,0.684522330761
0.820443689823,0.687044560909
0.81763279438,0.686863958836
0.821789979935,0.688102900982
0.819789171219,0.685889542103
0.820420622826,0.685909628868
0.819128394127,0.686515748501
0.820601403713,0.685470879078
0.821594297886,0.687296450138
0.819893419743,0.685886979103
0.820010781288,0.686610460281
0.828950762749,0.689807653427
0.850107431412,0.709570586681
0.865087330341,0.718609631062
0.864812493324,0.719417631626
0.864051163197,0.725752234459
0.8707203269,0.733187913895
0.868942022324,0.736992180347
0.869613468647,0.732347249985
0.865340054035,0.727821707726
0.875505626202,0.715791761875
0.879066467285,0.685307264328
0.874605417252,0.669130265713
0.875159502029,0.652173340321
0.872237920761,0.640584170818
0.873175978661,0.625765442848
0.876121878624,0.610466778278
0.866747736931,0.581886172295
0.869886159897,0.570602536201
0.873778820038,0.558460950851
0.867219746113,0.524506434798
0.87313747406,0.510332047939
0.869004845619,0.474408268929
0.8635237813,0.446283832192
0.855966866016,0.406704604626
0.848874747753,0.388890326023
0.840177059174,0.363379061222
0.813600420952,0.33505704999
0.77672201395,0.305855363607
0.728352248669,0.295432388783
0.679069161415,0.295161373913
0.628623306751,0.322918951511
0.613265872002,0.339329153299
0.602731049061,0.352567344904
0.583102703094,0.365569114685
0.59686934948,0.42421284318
0.610529601574,0.445167064667
0.641111433506,0.482792690396
0.673993051052,0.511008754373
0.695679247379,0.54774735868
0.726441979408,0.579994261265
0.752644777298,0.631131887436
0.7738301754,0.664752185345
0.837770044804,0.688836336136
0.842693686485,0.673549473286
0.855414509773,0.657553553581
0.851780414581,0.640040576458
0.855356037617,0.640947818756
0.851374566555,0.641297757626
0.857874512672,0.632548630238
0.875599563122,0.622926712036
0.874771058559,0.580924868584
0.883987009525,0.531021773815
0.88671207428,0.482027426362
0.905063688755,0.408326297998
0.915697932243,0.353905469179
0.935632765293,0.322485715151
0.932218372822,0.251021146774
0.919128656387,0.24013133347
0.915078997612,0.214540600777
0.903967320919,0.171982556581
0.906999111176,0.177383262664
0.878510057926,0.147192493081
0.877624928951,0.153202027082
0.877980530262,0.146805178374
0.891721963882,0.160906687379
0.891999125481,0.179543018341
0.871116578579,0.214318364859
0.854782760143,0.23286677897
0.829075217247,0.238410316408
0.781715393066,0.263860523701
0.745334148407,0.291370935738
0.645521223545,0.324602335691
0.561191141605,0.373781681061
0.482773721218,0.435336709023
0.427584856749,0.469355136156
0.391799718142,0.501948535442
0.359714269638,0.526642382145
0.31253439188,0.569898962975
0.284334331751,0.599566757679
0.280681550503,0.617957174778
0.277898877859,0.628945767879
0.27387547493,0.646020233631
0.277566105127,0.652812302113
0.286347568035,0.654390156269
0.304126679897,0.658506393433
0.307899832726,0.661142766476
0.309173882008,0.655908465385
0.311603337526,0.658657550812
0.296284198761,0.663340568542
0.304050952196,0.626536548138
0.355308890343,0.622955977917
0.367577910423,0.600511670113
0.376217126846,0.560409963131
0.379218459129,0.55561119318
0.391824215651,0.554966568947
0.408179491758,0.549894869328
0.412128865719,0.551855862141
0.449059516191,0.588572263718
0.456896454096,0.618572413921
0.440525174141,0.692557990551
0.431668490171,0.687709450722
0.380174696445,0.686667323112
0.373757809401,0.690854430199
0.33210220933,0.687943041325
0.325922071934,0.6894287467
0.324935257435,0.695431113243
0.321809858084,0.690740048885
0.245100997388,0.628112435341
0.285291492939,0.623856067657
0.3481541574,0.61850976944
0.40246462822,0.624153196812
0.657339274883,0.640470385551
0.662824213505,0.638668477535
0.658704459667,0.644620537758
0.666548967361,0.648276507854
0.676361620426,0.665297627449
0.721170604229,0.670757472515
0.725389003754,0.65421384573
0.733653664589,0.637439906597
0.775235235691,0.641879856586
0.776742517948,0.66018050909
0.782414138317,0.674848735332
0.814552247524,0.68748486042
0.822801828384,0.69467061758
0.832941055298,0.697443008423
0.838242530823,0.695967197418
0.840653896332,0.693425357342
0.841100513935,0.69411945343
0.840589463711,0.693166196346
0.840532064438,0.69392478466
0.841725349426,0.703691542149
0.842312514782,0.710081756115
0.838894486427,0.710185348988
0.840373814106,0.713582456112
0.841257810593,0.72840732336
0.839455962181,0.726444542408
0.841518878937,0.714729309082
0.835233271122,0.715510964394
0.832696080208,0.719321191311
0.830154359341,0.726352751255
0.835375189781,0.726031601429
0.831364393234,0.731102228165
0.825676143169,0.718119323254
0.832899093628,0.712823271751
0.814800858498,0.718503177166
0.820606350899,0.71838414669
0.82361894846,0.710972726345
0.825677096844,0.708510756493
0.82541590929,0.702180325985
0.825100183487,0.693660318851
0.826177299023,0.682516396046
0.831966817379,0.676082313061
0.828337371349,0.670581400394
0.82581692934,0.654139697552
0.82619124651,0.637422561646
0.818635702133,0.621505975723
0.814427316189,0.601632237434
0.812432169914,0.580365896225
0.813084483147,0.565320134163
0.8111307621,0.539985522628
0.704574584961,0.374709397554
0.648336946964,0.432604074478
0.348797947168,0.476516082883
0.362147510052,0.493664845824
0.456526905298,0.528501495719
0.461670398712,0.560648620129
0.4640391469,0.59866386652
0.437656372786,0.687642216682
0.418660223484,0.693021953106
0.380866795778,0.695456266403
0.32769843936,0.696936309338
0.326427191496,0.693633258343
0.325754582882,0.692576229572
0.325089335442,0.691156327724
0.324511528015,0.693314135075
0.323461353779,0.69415140152
0.314723461866,0.689197659492
0.294567108154,0.685610771179
0.272328913212,0.675907254219
0.272484458983,0.674862742424
0.283467769623,0.672071158886
0.265734285116,0.673507273197
0.268579781055,0.647547066212
0.259425483644,0.655992984772
0.381798326969,0.433418691158
0.394746214151,0.435369819403
0.668307781219,0.294895611703
0.72362101078,0.336922854185
0.750199019909,0.436398088932
0.768632292747,0.477004230022
0.773739516735,0.513145983219
0.782581925392,0.548284754157
0.804416239262,0.617224752903
0.813697338104,0.644313097
0.828113615513,0.665213763714
0.833556711674,0.676629304886
0.840199589729,0.644946277142
0.850431144238,0.634505748749
0.856024265289,0.623010754585
0.852063596249,0.601975739002
0.853493988514,0.59072548151
0.859871685505,0.583761572838
0.867939472198,0.585438966751
0.87696737051,0.593729972839
0.888661980629,0.609615802765
0.879704356194,0.63556677103
0.871412992477,0.654398262501
0.859136581421,0.67099493742
0.839772999287,0.685301363468
0.814587771893,0.689404666424
0.787793934345,0.687617301941
0.762953102589,0.697972118855
0.720493674278,0.699409067631
0.706651687622,0.734977900982
0.648677647114,0.715061545372
0.628737747669,0.721914947033
0.629140138626,0.714576005936
0.628481864929,0.718732118607
0.630664825439,0.714339852333
0.629503428936,0.717420816422
0.629695117474,0.721865952015
0.63170427084,0.716728031635
0.633122324944,0.713273584843
0.62778955698,0.719795286655
0.632416307926,0.711951971054
0.630584716797,0.709136962891
0.630693912506,0.710342824459
0.628109931946,0.702428460121
0.625173330307,0.700137794018
0.624673604965,0.700243532658
0.618023216724,0.694631934166
0.624046325684,0.689753770828
0.617603480816,0.69074088335
0.617490231991,0.695570409298
0.621224701405,0.701708912849
0.615063309669,0.705264210701
0.613744258881,0.708092868328
0.622137486935,0.714754879475
0.62038898468,0.709143579006
0.624413132668,0.705659329891
0.635018765926,0.714366197586
0.646638989449,0.699586391449
0.658476889133,0.694728910923
0.664910078049,0.696832895279
0.67063075304,0.699197232723
0.670996010303,0.699823975563
0.668718039989,0.694755911827
0.670241653919,0.694287955761
0.674025774002,0.694859325886
0.674616158009,0.696623384953
0.674893498421,0.696528553963
0.672790825367,0.693629145622
0.721889257431,0.706723690033
0.724275708199,0.710842549801
0.722969949245,0.708698391914
0.719688117504,0.71155244112
0.75475782156,0.719708561897
0.762260735035,0.716922879219
0.774508357048,0.715138673782
0.791207432747,0.715317726135
0.806076526642,0.72383582592
0.809945106506,0.721897780895
0.819920241833,0.727213025093
0.813315689564,0.721862614155
0.818279564381,0.72648358345
0.813321173191,0.722361683846
0.815248131752,0.723460197449
0.80227291584,0.722834467888
0.799021840096,0.724585950375
0.790861368179,0.719782531261
0.786873996258,0.716295778751
0.785795211792,0.714958429337
0.779988527298,0.714365243912
0.781333863735,0.715370237827
0.78979241848,0.717469215393
0.79153829813,0.716489970684
0.801927924156,0.718539535999
0.803861379623,0.712550401688
0.812361955643,0.715812981129
0.816954433918,0.715765118599
0.818667829037,0.708785355091
0.820986390114,0.717471003532
0.820674657822,0.716507017612
0.816366016865,0.71708381176
0.812529623508,0.715034365654
0.799500465393,0.719974637032
0.794518828392,0.719899117947
0.792693316936,0.714182078838
0.783648192883,0.701040744781
0.778153061867,0.702815115452
0.776029407978,0.704442679882
0.773606359959,0.707095503807
0.75799280405,0.705821454525
0.745422363281,0.699744582176
0.734473407269,0.703906536102
0.725589990616,0.699732422829
0.72502207756,0.703011751175
0.727718949318,0.703060746193
0.725862443447,0.707313895226
0.727483391762,0.711053848267
0.724344074726,0.711282610893
0.724002361298,0.712430953979
0.718862950802,0.711118757725
0.71642267704,0.70995002985
0.721089720726,0.709061741829
0.721162676811,0.705391943455
0.717383861542,0.708730578423
0.71474814415,0.708022654057
0.712647140026,0.703269481659
0.712350428104,0.702728927135
0.702822506428,0.711695611477
0.702561020851,0.712901651859
0.703101098537,0.710249960423
0.698472559452,0.701359272003
0.703595638275,0.698859989643
0.709034442902,0.697770953178
0.708921432495,0.696517169476
0.706140756607,0.697264909744
0.714989066124,0.698912024498
0.710301876068,0.698854029179
0.716893136501,0.698005437851
0.708686709404,0.698923408985
0.710146725178,0.695608913898
0.712039768696,0.698195815086
0.70958930254,0.692327857018
0.711859583855,0.697410643101
0.706400215626,0.693343639374
0.711024999619,0.696766078472
0.707160055637,0.694086492062
0.712301135063,0.692690014839
0.709935367107,0.697300314903
0.709362149239,0.693122386932
0.711953759193,0.691166043282
0.713550746441,0.692189872265
0.713285148144,0.687821805477
0.713322877884,0.685689628124
0.711877763271,0.688284993172
0.714097261429,0.687265455723
0.723837614059,0.688337385654
0.721917927265,0.699445307255
0.721615552902,0.69686460495
0.760482668877,0.690675258636
0.760881543159,0.696048498154
0.772186636925,0.702247142792
0.800298094749,0.716134905815
0.810226142406,0.718311965466
0.822152733803,0.728517889977
0.833841919899,0.729381382465
0.834169089794,0.726977050304
0.841041445732,0.72959202528
0.846033334732,0.731214523315
0.853109657764,0.729193508625
0.856358766556,0.72787040472
0.855918288231,0.727634131908
0.856838405132,0.727967083454
0.857627391815,0.728433012962
0.858093440533,0.728075504303
0.863690257072,0.724792122841
0.865585923195,0.725762367249
0.866122245789,0.727552592754
0.860810875893,0.72560274601
0.853830575943,0.724734008312
0.842984318733,0.709249019623
0.824027180672,0.703203856945
0.802026450634,0.696288645267
0.775813102722,0.683417499065
0.732663810253,0.659673035145
0.662910580635,0.617054879665
0.622870624065,0.602605998516
0.446949407458,0.580515146255
0.411819189787,0.568452715874
0.365237534046,0.571090877056
0.335461199284,0.572340726852
0.301160037518,0.574922204018
0.260500341654,0.570254027843
0.244286641479,0.568562269211
0.231962308288,0.55645775795
0.243676975369,0.606577038765
0.235499888659,0.613280236721
0.249540284276,0.631973683834
0.252904117107,0.640524566174
0.276285350323,0.608006417751
0.285586684942,0.591653585434
0.301613897085,0.580607354641
0.309201657772,0.571233093739
0.366496860981,0.352238684893
0.0767336860299,0.58760458231
0.0852310732007,0.618880271912
0.124369475991,0.651941657066
0.135821271688,0.662865757942
0.189836457372,0.668590545654
0.236793249846,0.670747697353
0.282984398305,0.661102175713
0.346448242664,0.654057919979
0.412779808044,0.644975304604
0.457711324096,0.624035418034
0.514270305634,0.599586308002
0.546724796295,0.582993626595
0.618815243244,0.577429234982
0.615835547447,0.595563292503
0.692358076572,0.593044400215
0.697970092297,0.587368547916
0.706591367722,0.587445855141
0.734266877174,0.587645411491
0.746570885181,0.611909866333
0.759976327419,0.630494534969
0.767565429211,0.655189990997
0.780475497246,0.678588151932
0.784109532833,0.687288761139
0.789485096931,0.696204781532
0.789607822895,0.693818032742
0.785167217255,0.69365811348
0.782939374447,0.686105728149
0.776360332966,0.691055119038
0.755672335625,0.695494115353
0.745445251465,0.698984146118
0.738309442997,0.695858716965
0.72384083271,0.690516352654
0.723403334618,0.673466324806
0.723334372044,0.64632076025
0.708259522915,0.633044302464
0.666315853596,0.637221455574
0.653189480305,0.646766245365
0.490694433451,0.503795191646
0.35417714715,0.48196080327
0.311504095793,0.511077523232
0.293523043394,0.528711736202
0.262916557491,0.642665088177
0.264165043831,0.650591790676
0.261716663837,0.652139186859
0.261644758284,0.622420728207
0.256809055805,0.586971879005
0.243520312011,0.566138386726
0.452573865652,0.533450961113
0.454414069653,0.538972079754
0.496515467763,0.548936784267
0.518021523952,0.554517805576
0.548834979534,0.566031694412
0.559011280537,0.57478672266
0.591397821903,0.58580827713
0.606653988361,0.596443474293
0.624374389648,0.599550902843
0.646068274975,0.612042307854
0.666337788105,0.6212490201
0.678270339966,0.626829922199
0.698032677174,0.630475580692
0.719911575317,0.630064129829
0.746349334717,0.638008534908
0.75479054451,0.641935527325
0.761989057064,0.646006405354
0.771507024765,0.656435966492
0.794425666332,0.663802683353
0.793977320194,0.661149024963
0.779988408089,0.666017115116
0.754725694656,0.674376785755
0.73690867424,0.674557089806
0.718476295471,0.674368858337
0.676518440247,0.676086962223
0.626105070114,0.669054031372
0.570621728897,0.666842579842
0.513071417809,0.677794992924
0.47345687449,0.692714691162
0.41079184413,0.702235102654
0.367427706718,0.696226716042
0.330050438643,0.695442318916
0.280602097511,0.677770555019
0.251961559057,0.656794905663
0.232785731554,0.647610783577
0.193158254027,0.567610025406
0.199577793479,0.561730742455
0.205094456673,0.552000164986
0.220611765981,0.544754266739
0.233021117747,0.545144319534
0.236309729517,0.540876090527
0.240557983518,0.544518053532
0.243823051453,0.541913822293
0.250208504498,0.531483158469
0.288498550653,0.51297108829
0.345322161913,0.458360031247
0.39084777236,0.399026840925
0.403399050236,0.377124935389
0.407105863094,0.376244693995
0.416746884584,0.366449207067
0.421635955572,0.346181571484
0.439771264791,0.323015898466
0.450677722692,0.311594516039
0.464670941234,0.292689137161
0.467028841376,0.292685300112
0.468696057796,0.295177362859
0.468450814486,0.292734317482
0.467509612441,0.293598353863
0.469640702009,0.292759627104
0.468800887465,0.292063236237
0.467637136579,0.294375069439
0.468010410666,0.292076736689
0.467423662543,0.29259338975
0.467956662178,0.29299197346
0.470291659236,0.294441580772
0.471334800124,0.294697768986
0.470021009445,0.297162972391
0.468230485916,0.298016540706
0.470206052065,0.298784673214
0.471470251679,0.296098284423
0.468213379383,0.290344841778
0.467408299446,0.288565307856
0.464396283031,0.289439469576
0.471742093563,0.285949520767
0.473549261689,0.277935229242
0.500032246113,0.251119315624
0.50271435082,0.252302952111
0.501625522971,0.250236697495
0.509865805507,0.24365387857
0.522762969136,0.232682153583
0.523090347648,0.224096864462
0.525050207973,0.222277075052
0.526762351394,0.220710590482
0.5274836272,0.220738470554
0.525862693787,0.225512094796
0.52944457531,0.223295681179
0.526665255427,0.227887421846
0.549095094204,0.262958645821
0.556436181068,0.279420226812
0.566858768463,0.294166810811
0.57324463129,0.299867831171
0.605033099651,0.315308570862
0.61166882515,0.327018171549
0.625199496746,0.341938793659
0.645823717117,0.369205653667
0.659928381443,0.381575524807
0.677243471146,0.402178287506
0.70075315237,0.422477155924
0.709082245827,0.437510877848
0.72655159235,0.462283849716
0.729051053524,0.472206741571
0.743757545948,0.481271639466
0.757634758949,0.483920112252
0.76248729229,0.484232485294
0.768803536892,0.492933139205
0.770646989346,0.497778728604
0.771485984325,0.50084541738
0.772967219353,0.500207006931
0.772982120514,0.498971089721
0.773464202881,0.500572264194
0.775140762329,0.498789340258
0.775295197964,0.499031290412
0.77101367712,0.500386819243
0.765676736832,0.503761947155
0.7669698596,0.507001951337
0.76227915287,0.507394596934
0.758306503296,0.502998888493
0.751907169819,0.483855366707
0.752775132656,0.473202556372
0.747421681881,0.452706500888
0.746863782406,0.429697990417
0.747117877007,0.400275975466
0.741789221764,0.385620713234
0.734735786915,0.388223767281
0.715764045715,0.407110273838
0.699083268642,0.420832723379
0.67966657877,0.435164451599
0.64364618063,0.456935912371
0.618627309799,0.466966763139
0.581423580647,0.481722027063
0.559777572751,0.493114992976
0.524519383907,0.514457449317
0.510892987251,0.525961339474
0.490864813328,0.534972175956
0.466789126396,0.539913237095
0.459714099765,0.55308867991
0.444120526314,0.559391915798
0.446182504296,0.56652957201
0.417434811592,0.581542849541
0.410119205713,0.585965454578
0.417120665312,0.586942791939
0.41670486331,0.584084570408
0.415826946497,0.586143374443
0.414469689131,0.584571778774
0.415091007948,0.587137818336
0.41699424386,0.587995827198
0.414886981249,0.584954738617
0.413940757513,0.58512198925
0.41424575448,0.582844853401
0.414683103561,0.584472537041
0.415006011724,0.58610868454
0.415800035,0.585147857666
0.414123862982,0.585135519505
0.416021227837,0.583538591862
0.412127912045,0.581123769283
0.415889024734,0.584930479527
0.412485986948,0.582202374935
0.41508436203,0.583550035954
0.415372699499,0.583139836788
0.414466053247,0.585479676723
0.413382261992,0.583530783653
0.416648179293,0.585699260235
0.416501432657,0.583654344082
0.41599676013,0.583897829056
0.4172539711,0.584917247295
0.41530880332,0.584868073463
0.415763258934,0.584391713142
0.416444689035,0.585546433926
0.417082816362,0.586562514305
0.417931765318,0.586974561214
0.408543348312,0.571743786335
0.399432629347,0.565371394157
0.396393239498,0.565488517284
0.40474525094,0.559131145477
0.402994453907,0.557132840157
0.409473061562,0.542787671089
0.415194451809,0.534315764904
0.410021454096,0.532527685165
0.406558990479,0.526795864105
0.407892853022,0.525297895074
0.447234943509,0.526071846485
0.46603500843,0.522124364972
0.48408716917,0.508181259036
0.502791047096,0.498222544789
0.514050766826,0.489040270448
0.529134273529,0.482870936394
0.533935979009,0.479590058327
0.541365623474,0.476346582174
0.569279253483,0.471484944224
0.570856392384,0.467150300741
0.577693581581,0.465287402272
0.586819827557,0.448886930943
0.589760959148,0.43867790699
0.597783267498,0.427205443382
0.610257983208,0.425158679485
0.613720059395,0.420339405537
0.615863204002,0.413956016302
0.617242097855,0.413468658924
0.617866098881,0.412602841854
0.616912782192,0.413545489311
0.618554234505,0.410299003124
0.619598865509,0.406572043896
0.625535368919,0.395620822906
0.632680356503,0.381190210581
0.629576265812,0.376712918282
0.629357814789,0.358513325453
0.630597531796,0.350398957729
0.638576328754,0.342314571142
0.648781120777,0.336178690195
0.655219614506,0.325754821301
0.656134963036,0.314548499882
0.657899439335,0.295421361923
0.667867362499,0.287364274263
0.674972891808,0.255727767944
0.67673677206,0.242292575538
0.675800263882,0.234510660172
0.689855933189,0.187226250768
0.679598212242,0.175991311669
0.703426659107,0.281601369381
0.717054188251,0.318661928177
0.734856843948,0.347323328257
0.746380150318,0.372193396091
0.751011669636,0.394259989262
0.745995998383,0.406976938248
0.73830729723,0.413386076689
0.719180464745,0.423300623894
0.681510448456,0.429695487022
0.624968528748,0.439685970545
0.550946056843,0.452429056168
0.489396780729,0.464225590229
0.423238635063,0.480679839849
0.379758924246,0.495483696461
0.341636270285,0.515077158809
0.292774885893,0.531111180782
0.259052157402,0.54522998631
0.233569048345,0.562767326832
0.207089602947,0.56762611866
0.138476073742,0.61368906498
0.16240959987,0.504805803299
0.165531590581,0.488830909133
0.138268399984,0.458684071898
0.139646518975,0.443633645773
0.141684029251,0.352844595909
0.160091921687,0.341567516327
0.155130818486,0.488418713212
0.183759778738,0.554567456245
0.225124880672,0.630051612854
0.233635619283,0.643779098988
0.236356541514,0.646863520145
0.246769621968,0.639224171638
0.279455006123,0.622523248196
0.28467810154,0.618550240993
0.288379788399,0.606690883636
0.306081354618,0.570005714893
0.31281003356,0.565249502659
0.316568672657,0.553414225578
0.315756112337,0.535104349256
0.332947939634,0.513686299324
0.336276531219,0.507884964347
0.335404574871,0.507111743093
0.346914082766,0.510969892144
0.358659386635,0.521908402443
0.361136525869,0.534182190895
0.454666167498,0.617621004581
0.619639396667,0.646812915802
0.65785574913,0.665567100048
0.721490323544,0.687249600887
0.763295531273,0.691856026649
0.78093200922,0.70033711195
0.815362215042,0.705473601818
0.833695113659,0.715708374977
0.837719619274,0.722878336906
0.851783931255,0.724287986755
0.852904558182,0.713797926903
0.860911071301,0.714451253414
0.86316639185,0.707497835159
0.866177558899,0.698212742805
0.878874361515,0.689501404762
0.885363042355,0.68734318018
0.910838603973,0.687625050545
0.912334144115,0.688366889954
0.913573265076,0.68941372633
0.913103282452,0.686378955841
0.912900984287,0.687627136707
0.909468829632,0.6932721138
0.905476212502,0.683158457279
0.903204798698,0.681809604168
0.902091681957,0.688255727291
0.892073571682,0.687084555626
0.88536965847,0.68759649992
0.878446638584,0.682122468948
0.863453328609,0.683986544609
0.855632126331,0.686753511429
0.837600111961,0.688368320465
0.831591546535,0.692044436932
0.777793109417,0.685759544373
0.70984351635,0.680465042591
0.62216335535,0.674210846424
0.591242551804,0.67354619503
0.594307303429,0.686386168003
0.592075705528,0.693028569221
0.586044609547,0.712385177612
0.586829721928,0.695850491524
0.585462152958,0.696559250355
0.586897373199,0.699287176132
0.586944103241,0.700997531414
0.590439498425,0.700064897537
0.589005410671,0.702429831028
0.592079818249,0.697939097881
0.591856777668,0.695915460587
0.591776549816,0.694560825825
0.59187489748,0.695733845234
0.590674638748,0.698044896126
0.595722973347,0.694525778294
0.592214584351,0.694553315639
0.597380578518,0.694875955582
0.597805202007,0.698353886604
0.601682066917,0.70575517416
0.602576196194,0.706922054291
0.605808734894,0.711119830608
0.611845016479,0.70981991291
0.611602246761,0.705846905708
0.611966729164,0.705699086189
0.612008392811,0.702681362629
0.611718595028,0.701837003231
0.610673248768,0.698913693428
0.61060667038,0.696706712246
0.612332761288,0.698436737061
0.610930025578,0.695098757744
0.613623201847,0.69371008873
0.613804221153,0.69365465641
0.613264918327,0.694362103939
0.617736697197,0.693878829479
0.620811879635,0.689235508442
0.617613196373,0.69146245718
0.621025979519,0.691467285156
0.621317386627,0.691543877125
0.619650959969,0.691699385643
0.619988322258,0.692510187626
0.625068426132,0.700837433338
0.628055095673,0.704718053341
0.625969648361,0.707496106625
0.627010822296,0.710353791714
0.648935556412,0.704641878605
0.657828569412,0.698178708553
0.668036699295,0.692357540131
0.688117921352,0.689873278141
0.689149141312,0.689652681351
0.688889443874,0.693832039833
0.700989365578,0.675838768482
0.709655165672,0.683466255665
0.705431938171,0.680769443512
0.702801465988,0.686832427979
0.707859575748,0.688049137592
0.707990407944,0.688346385956
0.711075425148,0.687478899956
0.719519436359,0.696996986866
0.721417248249,0.699591457844
0.755319952965,0.6988722682
0.762164235115,0.704118549824
0.775811672211,0.701693296432
0.801030993462,0.705145120621
0.823741793633,0.707551181316
0.83921456337,0.708101153374
0.851562738419,0.708047866821
0.851818561554,0.705614745617
0.864435255527,0.692934036255
0.869948029518,0.684340596199
0.86844587326,0.68104416132
0.870682001114,0.68443351984
0.877585589886,0.694819629192
0.876253724098,0.697860658169
0.880915820599,0.704280555248
0.89861291647,0.711157262325
0.904909968376,0.694172978401
0.906410038471,0.694945037365
0.907257437706,0.691803753376
0.907654106617,0.695697009563
0.908880770206,0.692238986492
0.909811019897,0.693170726299
0.90882307291,0.690678179264
0.908856332302,0.697070837021
0.909472644329,0.699532151222
0.906476259232,0.705999493599
0.906946957111,0.706528782845
0.900133192539,0.671751141548
0.90734732151,0.629112124443
0.919149696827,0.580361545086
0.910096526146,0.516410171986
0.923690199852,0.46895813942
0.932719051838,0.185536831617
0.920678675175,0.164681598544
0.933657407761,0.185026079416
0.928176045418,0.333798617125
0.918807804585,0.35697042942
0.885892927647,0.40467903018
0.854418754578,0.447082057595
0.82500743866,0.476768121123
0.779443442822,0.508879974484
0.73802113533,0.53277105093
0.697937548161,0.54929214716
0.719091713428,0.562224984169
0.659620344639,0.568464279175
0.616921246052,0.603819668293
0.566715970635,0.607499301434
0.504779219627,0.644281148911
0.442227900028,0.713506877422
0.362594664097,0.697716057301
0.332440555096,0.705058574677
0.31150406599,0.69470590353
0.30223557353,0.694557249546
0.29430320859,0.689223408699
0.250313222408,0.697079539299
0.235482983291,0.674707353115
0.27886801213,0.665191233158
0.343636095524,0.658005714417
0.39744707942,0.661210000515
0.458266884089,0.683860003948
0.496214792132,0.700530350208
0.513089343905,0.700522780418
0.545567631721,0.715767562389
0.550069570541,0.716822445393
0.550467327237,0.717891216278
0.542895555496,0.706117749214
0.561056256294,0.714408218861
0.567447543144,0.709827005863
0.569940209389,0.704635739326
0.59142768383,0.708447515965
0.591497719288,0.702062666416
0.596941888332,0.707176804543
0.597159564495,0.704729676247
0.599306702614,0.701244771481
0.616780459881,0.707642734051
0.62311309576,0.704804897308
0.648114681244,0.711709678173
0.66374951601,0.716246306896
0.667424857616,0.712897062302
0.672401368618,0.708334684372
0.669016718864,0.702251315117
0.669551491737,0.709953784943
0.6702709198,0.702464222908
0.669914126396,0.704354345798
0.671679019928,0.70608651638
0.668300390244,0.706340610981
0.677098751068,0.702970027924
0.676837205887,0.70300501585
0.678376972675,0.700565755367
0.700671672821,0.680354595184
0.710970640182,0.68463653326
0.710298061371,0.686653733253
0.725713372231,0.702236413956
0.757487297058,0.703246712685
0.751459538937,0.701437950134
0.755660533905,0.702783286572
0.752051115036,0.701099157333
0.757995784283,0.699244141579
0.749965846539,0.701390326023
0.755218803883,0.701224148273
0.749773144722,0.703648090363
0.752972126007,0.703186273575
0.750685751438,0.704459488392
0.756211996078,0.702511012554
0.758043825626,0.69682943821
0.759678840637,0.70097309351
0.754327237606,0.699954688549
0.760491788387,0.696535229683
0.755748271942,0.693350970745
0.762824118137,0.692739665508
0.750986814499,0.694600224495
0.760115742683,0.69946449995
0.755024015903,0.700260639191
0.768023729324,0.709823668003
0.76529955864,0.712841928005
0.766261875629,0.72026270628
0.763268232346,0.718121469021
0.770641028881,0.703071713448
0.763195216656,0.702583611012
0.743759691715,0.701954424381
0.74367493391,0.696382403374
0.740834534168,0.693270087242
0.741427123547,0.688842236996
0.739583671093,0.697030007839
0.731728792191,0.697516322136
0.728499472141,0.696114599705
0.735440552235,0.690455377102
0.73185890913,0.689105331898
0.735248863697,0.695237159729
0.735965490341,0.692303419113
0.739467859268,0.692177653313
0.7344211936,0.691564083099
0.729553759098,0.685032486916
0.730221450329,0.667141258717
0.727542459965,0.654037892818
0.7283192873,0.626731932163
0.716270446777,0.601717829704
0.708450973034,0.592678666115
0.698102653027,0.512927234173
0.719183325768,0.476716697216
0.749188780785,0.402679502964
0.779567778111,0.380002617836
0.807867944241,0.310705184937
0.835234642029,0.287436783314
0.859779536724,0.236456543207
0.867974638939,0.222195699811
0.868289470673,0.205501578748
0.872186303139,0.202692463994
0.871286809444,0.195537954569
0.878887414932,0.19326107204
0.878238976002,0.19997317344
0.886760234833,0.205145388842
0.909999728203,0.204259641469
0.92778724432,0.175725251436
0.890997707844,0.343922555447
0.881350159645,0.382868081331
0.862959861755,0.444312483072
0.859204053879,0.481180995703
0.850953698158,0.584008991718
0.861172497272,0.574243605137
0.866152346134,0.565115571022
0.867105484009,0.556868970394
0.868385851383,0.553204774857
0.868588149548,0.553114712238
0.87913620472,0.550404235721
0.885992467403,0.550304427743
0.90043348074,0.566018104553
0.913529515266,0.574325323105
0.911949634552,0.571273028851
0.914290308952,0.53810839355
0.922241270542,0.499010115862
0.939230561256,0.454052492976
0.926316201687,0.301096051931
0.917197406292,0.286173909903
0.909220814705,0.278013646603
0.885773658752,0.263006545603
0.863797843456,0.247916892171
0.852731347084,0.243927776814
0.837875843048,0.24365785718
0.82875841856,0.250455923378
0.696139931679,0.273578733206
0.646105468273,0.299895860255
0.578687727451,0.33242213726
0.509449243546,0.371371865273
0.454950064421,0.403691470623
0.409868299961,0.435651808977
0.356099963188,0.463930353522
0.312412172556,0.496586039662
0.257641285658,0.540555655956
0.200021952391,0.580157518387
0.158631112427,0.61414784193
0.144275650382,0.634119451046
0.115037158132,0.650332450867
0.110350012779,0.655516266823
0.112286269665,0.660648524761
0.114709615707,0.648988127708
0.120763704181,0.6542339921
0.128519076854,0.651090681553
0.149055033922,0.641356348991
0.257669694722,0.632884919643
0.262116789818,0.604052066803
0.267786383629,0.588017880917
0.293119847775,0.570933699608
0.306712627411,0.564425945282
0.341993451118,0.540609106421
0.547376155853,0.600039243698
0.571105360985,0.622834026814
0.605497539043,0.630918622017
0.626924812794,0.647335469723
0.653118550777,0.665671944618
0.672937691212,0.680516839027
0.705927193165,0.683419883251
0.721593558788,0.695784747601
0.753145456314,0.699055850506
0.771426022053,0.695510029793
0.796042859554,0.703047096729
0.795242249966,0.70123821497
0.793182969093,0.698736906052
0.764767348766,0.692009747028
0.720590651035,0.68750846386
0.710002064705,0.694577455521
0.661571145058,0.693410396576
0.649794518948,0.696555912495
0.630021870136,0.700266003609
0.606036663055,0.704284012318
0.573998212814,0.703645050526
0.555709004402,0.712769091129
0.519816398621,0.706052005291
0.489971712232,0.701838970184
0.46994510293,0.699120819569
0.429660022259,0.695106089115
0.360548466444,0.67129099369
0.295430630445,0.653230369091
0.273502022028,0.652248740196
0.239372909069,0.656652569771
0.197028160095,0.668202519417
0.184045568109,0.675160944462
0.0743192881346,0.621806740761
0.0697464495897,0.617081105709
0.084859309718,0.61411523819
0.133490398526,0.601177990437
0.14588162303,0.600719332695
0.180218338966,0.596669912338
0.18163330853,0.551520884037
0.179150387645,0.533334195614
0.178216248751,0.505695104599
0.168242454529,0.497314959764
0.16814109683,0.492228060961
0.164435505867,0.4954906106
0.189487844706,0.607262969017
0.196197986603,0.638400673866
0.19656676054,0.638077378273
0.234516464174,0.636217832565
0.242472700775,0.639332473278
0.271730959415,0.639490365982
0.305633932352,0.643609106541
0.331761032343,0.651879489422
0.35363855958,0.659512937069
0.38526904583,0.676302075386
0.399817109108,0.67858171463
0.446026951075,0.676343858242
0.463767930865,0.66973310709
0.479202449322,0.660461544991
0.520758375525,0.649030089378
0.552066028118,0.637364983559
0.592330813408,0.619427442551
0.621039509773,0.61423009634
0.63544678688,0.613152205944
0.640074968338,0.609391868114
0.634953737259,0.603923678398
0.626592040062,0.54639236629
0.618999302387,0.511940300465
0.603720486164,0.489639908075
0.582917511463,0.461256489158
0.577009677887,0.438634127378
0.56536591053,0.40894138813
0.539264798164,0.393259137869
0.514951348305,0.372036665678
0.508491635323,0.379428505898
0.505959033966,0.38982757926
0.504067316651,0.396862447262
0.501813769341,0.399214327335
0.505210697651,0.398522526026
0.502953872085,0.398213118315
0.506471559405,0.402113944292
0.504291951656,0.415772885084
0.497691512108,0.427539765835
0.496130943298,0.436384171247
0.48211568594,0.464154630899
0.477897822857,0.491207256913
0.481704026461,0.503680095077
0.479094386101,0.494943842292
0.490869581699,0.499655380845
0.508937776089,0.503053084016
0.535063683987,0.499087542295
0.595196425915,0.509701609612
0.639938831329,0.508832454681
0.746813178062,0.529864132404
0.787876904011,0.543727502227
0.811063289642,0.53971786797
0.836298525333,0.520044803619
0.845835983753,0.44178122282
0.850484788418,0.35722002387
0.833635866642,0.203812494874
0.833995044231,0.19895895943
0.83698284626,0.194659642875
0.847597658634,0.218097552657
0.8490229249,0.217820100486
0.848378419876,0.22174590826
0.856200039387,0.218539901078
0.846380650997,0.219410449266
0.837054133415,0.179098654538
0.858023047447,0.17730300501
0.878031253815,0.170511037111
0.879801630974,0.185266032815
0.917687296867,0.18536888063
0.931377887726,0.177117824554
0.929260134697,0.177305176854
0.942045450211,0.177459210157
0.934554219246,0.174542322755
0.938766002655,0.178905472159
0.936708033085,0.177202165127
0.930907666683,0.178965568542
0.934066295624,0.178769737482
0.931306123734,0.179027214646
0.932055294514,0.180051743984
0.927888453007,0.17753380537
0.928388655186,0.179161503911
0.941451966763,0.177487149835
0.923235118389,0.176246646792
0.929912686348,0.177373811603
0.928636074066,0.175353284925
0.923884928226,0.177755206823
0.919906795025,0.182478114963
0.918728530407,0.185960128903
0.912562429905,0.196754299104
0.915205657482,0.262764692307
0.884373545647,0.163956820965
0.700055301189,0.186787966639
0.610711038113,0.248266279697
0.569780349731,0.300696074963
0.516997218132,0.360883176327
0.470398381352,0.405773758888
0.424762010574,0.445959553123
0.388165473938,0.47695890069
0.364498823881,0.500531435013
0.329760432243,0.530982375145
0.289246380329,0.571652650833
0.253556221724,0.619538903236
0.231562770903,0.642158269882
0.205791965127,0.659426152706
0.19032856822,0.66267991066
0.181579679251,0.666271746159
0.185393497348,0.671386241913
0.189060017467,0.665484845638
0.182242691517,0.66036427021
0.184067696333,0.644300162792
0.198568627238,0.634766936302
0.212606996298,0.622107088566
0.223822966218,0.609311521053
0.232544839382,0.602038502693
0.240653544664,0.588535189629
0.249968349934,0.581720232964
0.255235880613,0.575940430164
0.281116820872,0.554280042648
0.324917525053,0.541056334972
0.365952342749,0.539311110973
0.401771008968,0.541415035725
0.441046819091,0.539672315121
0.475303202868,0.535741508007
0.523139819503,0.539137065411
0.554623067379,0.537333086133
0.589527130127,0.538253828883
0.617971658707,0.538306578994
0.633728742599,0.537372753024
0.660449504852,0.536761343479
0.697032570839,0.536334559321
0.719854474068,0.540917977691
0.743327975273,0.534160971642
0.763055384159,0.535086020827
0.778601109982,0.52177940309
0.805027186871,0.499784320593
0.831219911575,0.468892723322
0.848889291286,0.405316084623
0.856666147709,0.350511848927
0.855015277863,0.289866887033
0.855925858021,0.268513590097
0.858905076981,0.227241642773
0.857510328293,0.197338100523
0.850360631943,0.186683982611
0.8471108675,0.170118439943
0.850940346718,0.148891866207
0.855376601219,0.14327044785
0.865532279015,0.129786863923
0.864948987961,0.127246186137
0.868360757828,0.126093607396
0.916315436363,0.17903585732
0.889956116676,0.169526297599
0.886455476284,0.163504231721
0.875732123852,0.153939854354
0.870104789734,0.150161441416
0.870239853859,0.144443064928
0.868709087372,0.142863493413
0.86800545454,0.142566930503
0.873729288578,0.143457114697
0.883622348309,0.162761196494
0.919793248177,0.217151172459
0.925812542439,0.247332133353
0.92784935236,0.273753933609
0.921491444111,0.27785795927
0.918723106384,0.293104708195
0.903128921986,0.29018458724
0.880019187927,0.283688299358
0.870717346668,0.278168916702
0.772137463093,0.264304369688
0.716859996319,0.273648053408
0.657255113125,0.289623469114
0.602026045322,0.306043982506
0.559139445424,0.333591967821
0.509259030223,0.353282898664
0.41009670496,0.369028687477
0.363255947828,0.372389256954
0.329824894667,0.383788436651
0.299797743559,0.381660938263
0.255929470062,0.382297724485
0.23757763952,0.383609652519
0.201311990619,0.382190465927
0.182120084763,0.395654737949
0.148321226239,0.431151390076
0.116780489683,0.44612595439
0.1198785007,0.450304597616
0.119321901351,0.453226685524
0.117731887847,0.450741022825
0.117758661509,0.444878339767
0.127187505364,0.288642466068
0.130064234138,0.296998806298
0.127548605204,0.332204133272
0.178010389209,0.267915822566
0.185669839382,0.268439650536
0.166602164507,0.321315407753
0.20517988503,0.443519502878
0.208555713296,0.46237641573
0.241882771254,0.505972906947
0.331062853336,0.534467637539
0.41104310751,0.565716207027
0.493784666061,0.583104729652
0.558809518814,0.596210539341
0.612982273102,0.611293554306
0.66011172533,0.620940029621
0.71526747942,0.628373682499
0.75101184845,0.640226185322
0.778925836086,0.649671792984
0.801865875721,0.652999997139
0.820733606815,0.661320567131
0.833036959171,0.671322882175
0.84137237072,0.677117824554
0.851158261299,0.677359998226
0.873929262161,0.674660384655
0.876263260841,0.66185182333
0.877240657806,0.655754506588
0.880555331707,0.654351294041
0.895907104015,0.637828111649
0.889000117779,0.620940864086
0.87910181284,0.573611140251
0.878008782864,0.52255423367
0.868156373501,0.482523798943
0.862819850445,0.453233957291
0.850232243538,0.405924648046
0.833036601543,0.366346210241
0.811315774918,0.345066517591
0.793168544769,0.339347302914
0.775197982788,0.322253376245
0.754819691181,0.322013497353
0.7326644063,0.320702672005
0.714035511017,0.331518083811
0.701923966408,0.329229354858
0.692047119141,0.32978540659
0.688269495964,0.3347915411
0.685796737671,0.335219204426
0.685279011726,0.325235009193
0.68409049511,0.325412780046
0.672820925713,0.323448389769
0.654661715031,0.32961255312
0.633141040802,0.340844959021
0.590923428535,0.360656321049
0.551379680634,0.393419086933
0.517787411809,0.421820163727
0.467098206282,0.46174685657
0.420590013266,0.497409135103
0.378100216389,0.523686930537
0.35715842247,0.552448615432
0.309275627136,0.587784409523
0.271721035242,0.613478064537
0.25685352087,0.630817055702
0.230609580874,0.641905605793
0.201538264751,0.655438899994
0.187940225005,0.650569140911
0.129570841789,0.614452064037
0.181233838201,0.319345474243
0.500797942281,0.436869204044
0.668596386909,0.52644534409
0.707547366619,0.547807097435
0.72704231739,0.539658904076
0.765151798725,0.510089933872
0.796474814415,0.439878612757
0.802300214767,0.397056430578
0.80482763052,0.384642243385
0.803759753704,0.371615022421
0.841318488121,0.359308511019
0.864287734032,0.322380393744
0.853118121624,0.303364962339
0.867540955544,0.278945632279
0.87001568079,0.2525517717
0.881233692169,0.216956570745
0.885162472725,0.209858596325
0.887344479561,0.210800260305
0.884766876698,0.201167203486
0.880470454693,0.200866430998
0.88319593668,0.19639134407
0.878948152065,0.198773786426
0.87453097105,0.199121758342
0.876176953316,0.196167089045
0.878150761127,0.190499797463
0.865888834,0.178907424212
0.868539273739,0.171704158187
0.942858636379,0.198363408446
0.942121326923,0.200343251228
0.914605200291,0.212388791144
0.911506652832,0.243724912405
0.872722148895,0.277906179428
0.86162173748,0.323632061481
0.82416164875,0.371608287096
0.628926694393,0.342588275671
0.631788372993,0.331003040075
0.635128736496,0.298438519239
0.649635314941,0.283106118441
0.659029960632,0.271322548389
0.666387975216,0.257491357625
0.670246779919,0.252050042152
0.672374725342,0.250200986862
0.67174500227,0.247246623039
0.673174381256,0.249597549438
0.672283947468,0.249312013388
0.671079337597,0.247194305062
0.671622335911,0.246890619397
0.672149538994,0.247095867991
0.672280311584,0.249822184443
0.672567725182,0.248292416334
0.674749016762,0.248091101646
0.672392129898,0.24652287364
0.671800613403,0.247260242701
0.672982692719,0.246355623007
0.673323452473,0.247934907675
0.672331273556,0.24719054997
0.672421097755,0.247518695891
0.67179787159,0.246358424425
0.671794772148,0.246619448066
0.671692371368,0.248033471406
0.67369890213,0.248266965151
0.707307636738,0.209939956665
0.723442018032,0.196366876364
0.75032544136,0.165931582451
0.761089801788,0.150265473872
0.774542987347,0.144811179489
0.775432348251,0.145039673895
0.77794533968,0.14645421505
0.775056958199,0.14561522007
0.775288641453,0.146175131202
0.772949278355,0.147014588118
0.774857103825,0.148900840431
0.774239063263,0.147840693593
0.776744604111,0.147688817233
0.772817730904,0.150666985661
0.776231050491,0.150549542159
0.778608739376,0.150113228709
0.935741901398,0.163889139891
0.943477511406,0.244587153196
0.917293071747,0.265147380531
0.904000639915,0.272087454796
0.885530591011,0.281471222639
0.873537063599,0.284151189029
0.86383241415,0.276339441538
0.849484801292,0.272012770176
0.832228422165,0.259582042694
0.768528819084,0.241380438209
0.798497319221,0.233337491751
0.72244310379,0.224406763911
0.714882850647,0.216848045588
0.714054167271,0.145783621818
0.719759106636,0.150275319815
0.781307816505,0.179575666785
0.78662276268,0.179739624262
0.76908826828,0.169412449002
0.758571445942,0.18172056973
0.631197392941,0.342492878437
0.659102797508,0.205266669393
0.664004743099,0.196386255324
0.69604575634,0.174555957317
0.703393578529,0.17479949072
0.721535384655,0.165454145521
0.747721970081,0.168460723013
0.76055598259,0.162105668336
0.821974158287,0.156779840589
0.830289900303,0.158858049661
0.856813669205,0.163388848305
0.860097825527,0.179151564837
0.867917060852,0.181675836444
0.882364034653,0.190003991127
0.890193343163,0.194758892059
0.935514330864,0.203049585223
0.874550700188,0.218148812652
0.871290922165,0.226026922464
0.867390155792,0.235433071852
0.867219090462,0.244784191251
0.862753212452,0.252114243805
0.849615037441,0.259794801474
0.830593168736,0.258116073906
0.821094512939,0.263864099979
0.81794911623,0.26108904928
0.815999984741,0.266427189112
0.812916338444,0.268225103617
0.813219070435,0.274458013475
0.812456607819,0.270611412823
0.784796357155,0.264198154211
0.779468774796,0.263338007033
0.76995319128,0.264471411705
0.761014282703,0.27004006505
0.730275452137,0.272454082966
0.712404191494,0.280751079321
0.633145928383,0.333114147186
0.622223138809,0.342458426952
0.556477069855,0.396145045757
0.595675885677,0.374206572771
0.722330272198,0.539560198784
0.726385354996,0.572158753872
0.767310917377,0.641492962837
0.821151793003,0.68655526638
0.824697315693,0.681329905987
0.842074275017,0.647130012512
0.843089342117,0.610206305981
0.851512730122,0.567057073116
0.863574802876,0.517232045531
0.865529835224,0.487651601434
0.872136414051,0.464272707701
0.873805403709,0.439293205738
0.873935043812,0.414734005928
0.878340125084,0.403904348612
0.881504058838,0.384758889675
0.884825766087,0.370343893766
0.881937563419,0.36617103219
0.883558273315,0.360921770334
0.881618261337,0.356320887804
0.87910848856,0.35309523344
0.877373456955,0.351112067699
0.885697424412,0.336241841316
0.891224205494,0.319889605045
0.886616230011,0.306777477264
0.886878907681,0.300614118576
0.892179846764,0.291938513517
0.889430582523,0.286833338439
0.88786303997,0.278224855661
0.891006588936,0.257141567767
0.917377829552,0.207143492997
0.919517159462,0.196673616767
0.923040211201,0.189890995622
0.923692047596,0.183574974537
0.930386781693,0.176297795027
0.934878230095,0.172633782029
0.932698607445,0.173996165395
0.930105447769,0.178032036871
0.933714151382,0.171756014228
0.928203165531,0.173140957952
0.929595887661,0.173806220293
0.931466460228,0.175028920174
0.931816339493,0.173815250397
0.931717395782,0.178839430213
0.93139308691,0.176694899797
0.933060288429,0.177833721042
0.929930686951,0.179538842291
0.932102143764,0.179851591587
0.93094587326,0.180032372475
0.928126096725,0.179486319423
0.930137813091,0.178513228893
0.931429028511,0.174827128649
0.932774543762,0.176294028759
0.932600319386,0.179595082998
0.930279612541,0.17284719646
0.92784756422,0.179990321398
0.921832084656,0.179098516703
0.927800178528,0.183313399553
0.9283015728,0.180376172066
0.904918968678,0.216057799757
0.885653734207,0.217769443989
0.866693854332,0.223334014416
0.836189508438,0.239570423961
0.763447582722,0.229063570499
0.710912525654,0.177677065134
0.708617925644,0.17984341085
0.695659995079,0.177378371358
0.671510756016,0.181726306677
0.647800028324,0.19997702539
0.61737126112,0.231177024543
0.568956971169,0.265330761671
0.521515727043,0.270080268383
0.540167555213,0.255034834146
0.565056741238,0.232968695462
0.587447762489,0.219252616167
0.610588550568,0.207262791693
0.658455789089,0.205625534058
0.677035987377,0.205270797014
